transaction_id,date,payee,category,description,payment_method,approved_by,amount
1001,2025-01-01,Northwind Payroll Services,Payroll,Payroll,ACH,D. Reyes,-305.17
1002,2025-01-01,Evergreen Waste Removal,Utilities,Utilities,Check,D. Reyes,-78.09
1003,2025-01-01,Wholesale - Lindenwood Bistro,Sales revenue - wholesale,Sales revenue - wholesale,ACH,,580.56
1004,2025-01-01,City of Lindenwood (Permits),Licenses & permits,Licenses & permits,Check,M. Chen,-30.90
1005,2025-01-02,Daily Card Settlement - Square,Sales revenue - retail,Sales revenue - retail,Deposit,,1237.87
1006,2025-01-03,Catering - Various,Sales revenue - catering,Sales revenue - catering,ACH,,96.94
1007,2025-01-03,Summit Marketing Studio,Marketing,Marketing,ACH,S. Patel,-8.80
1008,2025-01-03,FreshGrocer Wholesale,Cost of goods - food,Cost of goods - food,Check,M. Chen,-21.96
1009,2025-01-04,Northwind Payroll Services,Payroll,Payroll,ACH,D. Reyes,-7.80
1010,2025-01-04,Wholesale - Brookside Market,Sales revenue - wholesale,Sales revenue - wholesale,ACH,,5663.51
1011,2025-01-04,Cardinal Insurance Group,Insurance,Insurance,Card,D. Reyes,-1975.30
1012,2025-01-04,Wholesale - The Reading Room Cafe,Sales revenue - wholesale,Sales revenue - wholesale,ACH,,159.85
1013,2025-01-04,Cardinal Insurance Group,Insurance,Insurance,Check,D. Reyes,-18.37
1014,2025-01-04,Highland Green Coffee Imports,Cost of goods - coffee,Cost of goods - coffee,Card,D. Reyes,-1936.24
1015,2025-01-05,Wholesale - The Reading Room Cafe,Sales revenue - wholesale,Sales revenue - wholesale,ACH,,196.78
1016,2025-01-05,Daily Cash Deposit,Sales revenue - retail,Sales revenue - retail,Deposit,,2398.35
1017,2025-01-05,Catering - Various,Sales revenue - catering,Sales revenue - catering,ACH,,2119.81
1018,2025-01-05,Highland Green Coffee Imports,Cost of goods - coffee,Cost of goods - coffee,Card,D. Reyes,-2819.44
1019,2025-01-06,Summit Marketing Studio,Marketing,Marketing,Card,D. Reyes,-263.37
1020,2025-01-07,Maplewood Property Mgmt,Rent,Rent,ACH,M. Chen,-8.61
1021,2025-01-07,Wholesale - Brookside Market,Sales revenue - wholesale,Sales revenue - wholesale,ACH,,2876.41
1022,2025-01-08,Daily Card Settlement - Square,Sales revenue - retail,Sales revenue - retail,Deposit,,1760.32
1023,2025-01-08,Catering - Various,Sales revenue - catering,Sales revenue - catering,ACH,,4279.75
1024,2025-01-08,Cardinal Insurance Group,Insurance,Insurance,ACH,S. Patel,-17.67
1025,2025-01-08,ServPro Equipment Repair,Repairs & maintenance,Repairs & maintenance,Check,D. Reyes,-29.33
1026,2025-01-08,Daily Card Settlement - Square,Sales revenue - retail,Sales revenue - retail,Deposit,,1799.18
1027,2025-01-09,ServPro Equipment Repair,Repairs & maintenance,Repairs & maintenance,Card,S. Patel,-43.72
1028,2025-01-09,Maplewood Property Mgmt,Rent,Rent,Card,M. Chen,-6543.43
1029,2025-01-10,Wholesale - Brookside Market,Sales revenue - wholesale,Sales revenue - wholesale,ACH,,631.18
1030,2025-01-11,Wholesale - Brookside Market,Sales revenue - wholesale,Sales revenue - wholesale,ACH,,119.63
1031,2025-01-12,Northgate Facility Solutions,Repairs & maintenance,Quarterly maintenance retainer,Check,D. Reyes,-4948.28
1032,2025-01-12,Catering - Various,Sales revenue - catering,Sales revenue - catering,ACH,,81.57
1033,2025-01-13,Metro Water District,Utilities,Utilities,Card,D. Reyes,-54.21
1034,2025-01-13,Wholesale - Lindenwood Bistro,Sales revenue - wholesale,Sales revenue - wholesale,ACH,,399.54
1035,2025-01-13,Northgate Facility Solutions,Repairs & maintenance,Equipment calibration,Check,D. Reyes,-4502.07
1036,2025-01-13,Highland Green Coffee Imports,Cost of goods - coffee,Cost of goods - coffee,ACH,M. Chen,-4044.12
1037,2025-01-13,Maplewood Property Mgmt,Rent,Rent,Card,S. Patel,-26039.17
1038,2025-01-13,Wholesale - Lindenwood Bistro,Sales revenue - wholesale,Sales revenue - wholesale,ACH,,814.41
1039,2025-01-14,City of Lindenwood (Permits),Licenses & permits,Licenses & permits,ACH,M. Chen,-17.98
1040,2025-01-14,Wholesale - Brookside Market,Sales revenue - wholesale,Sales revenue - wholesale,ACH,,1342.97
1041,2025-01-14,Wholesale - Lindenwood Bistro,Sales revenue - wholesale,Sales revenue - wholesale,ACH,,97.01
1042,2025-01-14,Northgate Facility Solutions,Repairs & maintenance,Network support services,ACH,D. Reyes,-3938.99
1043,2025-01-15,Catering - Various,Sales revenue - catering,Sales revenue - catering,ACH,,237.60
1044,2025-01-16,Maplewood Property Mgmt,Rent,Rent,Check,M. Chen,-45.06
1045,2025-01-16,Northwind Payroll Services,Payroll,Payroll,ACH,M. Chen,-81.98
1046,2025-01-17,FreshGrocer Wholesale,Cost of goods - food,Cost of goods - food,Check,S. Patel,-7483.29
1047,2025-01-17,Northgate Facility Solutions,Repairs & maintenance,Equipment calibration,Check,D. Reyes,-4727.51
1048,2025-01-17,Wholesale - Lindenwood Bistro,Sales revenue - wholesale,Sales revenue - wholesale,ACH,,622.36
1049,2025-01-17,Northgate Facility Solutions,Repairs & maintenance,Emergency repair call-out,ACH,D. Reyes,-4260.77
1050,2025-01-18,Riverside Dairy Co-op,Cost of goods - dairy,Cost of goods - dairy,ACH,S. Patel,-121.44
1051,2025-01-18,Northwind Payroll Services,Payroll,Payroll,Check,D. Reyes,-9556.63
1052,2025-01-19,City of Lindenwood (Permits),Licenses & permits,Licenses & permits,ACH,S. Patel,-12255.09
1053,2025-01-19,City of Lindenwood (Permits),Licenses & permits,Licenses & permits,ACH,D. Reyes,-36904.49
1054,2025-01-19,Highland Green Coffee Imports,Cost of goods - coffee,Cost of goods - coffee,Check,D. Reyes,-569.23
1055,2025-01-20,Wholesale - The Reading Room Cafe,Sales revenue - wholesale,Sales revenue - wholesale,ACH,,124.99
1056,2025-01-20,Office Depot,Office supplies,Office supplies,Check,S. Patel,-16.58
1057,2025-01-20,Metro Water District,Utilities,Utilities,ACH,M. Chen,-53.11
1058,2025-01-21,Evergreen Waste Removal,Utilities,Utilities,Card,M. Chen,-24607.01
1059,2025-01-22,Evergreen Waste Removal,Utilities,Utilities,Card,S. Patel,-31.50
1060,2025-01-22,Apex IT Consulting LLC,Repairs & maintenance,Quarterly maintenance retainer,ACH,D. Reyes,-4068.97
1061,2025-01-22,Northwind Payroll Services,Payroll,Payroll,Check,S. Patel,-1588.27
1062,2025-01-22,Wholesale - The Reading Room Cafe,Sales revenue - wholesale,Sales revenue - wholesale,ACH,,607.18
1063,2025-01-22,Office Depot,Office supplies,Office supplies,ACH,S. Patel,-30.39
1064,2025-01-22,PaperCraft Packaging,Cost of goods - packaging,Cost of goods - packaging,ACH,D. Reyes,-312.91
1065,2025-01-22,Metro Water District,Utilities,Utilities,Card,S. Patel,-12643.38
1066,2025-01-23,FreshGrocer Wholesale,Cost of goods - food,Cost of goods - food,ACH,D. Reyes,-16.18
1067,2025-01-23,Northwind Payroll Services,Payroll,Payroll,Card,M. Chen,-876.36
1068,2025-01-23,Northwind Payroll Services,Payroll,Payroll,Card,S. Patel,-10.87
1069,2025-01-24,Evergreen Waste Removal,Utilities,Utilities,Check,S. Patel,-40.61
1070,2025-01-24,Wholesale - Brookside Market,Sales revenue - wholesale,Sales revenue - wholesale,ACH,,378.39
1071,2025-01-24,Metro Water District,Utilities,Utilities,ACH,M. Chen,-2140.58
1072,2025-01-25,Wholesale - Brookside Market,Sales revenue - wholesale,Sales revenue - wholesale,ACH,,192.18
1073,2025-01-25,Wholesale - Brookside Market,Sales revenue - wholesale,Sales revenue - wholesale,ACH,,121.61
1074,2025-01-25,Apex IT Consulting LLC,Repairs & maintenance,Software license & support,ACH,D. Reyes,-2954.74
1075,2025-01-26,Bright Ledger Bookkeeping,Professional fees,Professional fees,Card,M. Chen,-24.64
1076,2025-01-26,Apex IT Consulting LLC,Repairs & maintenance,Network support services,Check,D. Reyes,-4372.82
1077,2025-01-26,Daily Cash Deposit,Sales revenue - retail,Sales revenue - retail,Deposit,,130.62
1078,2025-01-27,PaperCraft Packaging,Cost of goods - packaging,Cost of goods - packaging,Card,M. Chen,-684.47
1079,2025-01-27,Cascade Power & Light,Utilities,Utilities,Check,S. Patel,-6.76
1080,2025-01-27,Catering - Various,Sales revenue - catering,Sales revenue - catering,ACH,,3369.01
1081,2025-01-28,Evergreen Waste Removal,Utilities,Utilities,ACH,M. Chen,-59.52
1082,2025-01-28,Wholesale - The Reading Room Cafe,Sales revenue - wholesale,Sales revenue - wholesale,ACH,,2776.81
1083,2025-01-28,Bright Ledger Bookkeeping,Professional fees,Professional fees,Check,S. Patel,-165.56
1084,2025-01-28,FreshGrocer Wholesale,Cost of goods - food,Cost of goods - food,Card,M. Chen,-21.31
1085,2025-01-28,Catering - Various,Sales revenue - catering,Sales revenue - catering,ACH,,288.61
1086,2025-01-29,Riverside Dairy Co-op,Cost of goods - dairy,Cost of goods - dairy,ACH,D. Reyes,-911.15
1087,2025-01-29,Daily Cash Deposit,Sales revenue - retail,Sales revenue - retail,Deposit,,1166.09
1088,2025-01-30,Wholesale - Lindenwood Bistro,Sales revenue - wholesale,Sales revenue - wholesale,ACH,,199.29
1089,2025-01-30,Wholesale - Brookside Market,Sales revenue - wholesale,Sales revenue - wholesale,ACH,,6333.40
1090,2025-01-30,Daily Cash Deposit,Sales revenue - retail,Sales revenue - retail,Deposit,,591.47
1091,2025-01-30,Northgate Facility Solutions,Repairs & maintenance,Equipment calibration,Check,D. Reyes,-4241.48
1092,2025-01-31,Daily Card Settlement - Square,Sales revenue - retail,Sales revenue - retail,Deposit,,2033.05
1093,2025-01-31,Northgate Facility Solutions,Repairs & maintenance,Equipment calibration,ACH,D. Reyes,-4593.19
1094,2025-02-01,Wholesale - Lindenwood Bistro,Sales revenue - wholesale,Sales revenue - wholesale,ACH,,3021.33
1095,2025-02-02,Catering - Various,Sales revenue - catering,Sales revenue - catering,ACH,,119.50
1096,2025-02-02,Riverside Dairy Co-op,Cost of goods - dairy,Cost of goods - dairy,Check,M. Chen,-69.25
1097,2025-02-02,Bright Ledger Bookkeeping,Professional fees,Professional fees,Card,M. Chen,-597.48
1098,2025-02-02,Cascade Power & Light,Utilities,Utilities,Check,M. Chen,-39030.02
1099,2025-02-02,Cascade Power & Light,Utilities,Utilities,ACH,S. Patel,-954.35
1100,2025-02-03,Summit Marketing Studio,Marketing,Marketing,Check,D. Reyes,-53.38
1101,2025-02-03,PaperCraft Packaging,Cost of goods - packaging,Cost of goods - packaging,Card,S. Patel,-13138.36
1102,2025-02-03,Wholesale - Lindenwood Bistro,Sales revenue - wholesale,Sales revenue - wholesale,ACH,,2915.83
1103,2025-02-03,Northwind Payroll Services,Payroll,Payroll,Card,S. Patel,-91.16
1104,2025-02-04,Cardinal Insurance Group,Insurance,Insurance,ACH,S. Patel,-14549.85
1105,2025-02-04,Daily Cash Deposit,Sales revenue - retail,Sales revenue - retail,Deposit,,1451.03
1106,2025-02-04,Riverside Dairy Co-op,Cost of goods - dairy,Cost of goods - dairy,Card,D. Reyes,-13374.76
1107,2025-02-04,Wholesale - Brookside Market,Sales revenue - wholesale,Sales revenue - wholesale,ACH,,165.65
1108,2025-02-04,Wholesale - The Reading Room Cafe,Sales revenue - wholesale,Sales revenue - wholesale,ACH,,181.67
1109,2025-02-06,PaperCraft Packaging,Cost of goods - packaging,Cost of goods - packaging,Card,D. Reyes,-175.41
1110,2025-02-06,FreshGrocer Wholesale,Cost of goods - food,Cost of goods - food,Check,D. Reyes,-6146.80
1111,2025-02-06,Highland Green Coffee Imports,Cost of goods - coffee,Cost of goods - coffee,Card,D. Reyes,-25.88
1112,2025-02-07,Daily Cash Deposit,Sales revenue - retail,Sales revenue - retail,Deposit,,117.31
1113,2025-02-07,Wholesale - Lindenwood Bistro,Sales revenue - wholesale,Sales revenue - wholesale,ACH,,523.44
1114,2025-02-07,Daily Cash Deposit,Sales revenue - retail,Sales revenue - retail,Deposit,,449.30
1115,2025-02-07,Highland Green Coffee Imports,Cost of goods - coffee,Cost of goods - coffee,ACH,M. Chen,-2122.75
1116,2025-02-07,Daily Cash Deposit,Sales revenue - retail,Sales revenue - retail,Deposit,,4648.78
1117,2025-02-08,Catering - Various,Sales revenue - catering,Sales revenue - catering,ACH,,693.97
1118,2025-02-09,Catering - Various,Sales revenue - catering,Sales revenue - catering,ACH,,224.44
1119,2025-02-09,Catering - Various,Sales revenue - catering,Sales revenue - catering,ACH,,511.58
1120,2025-02-10,ServPro Equipment Repair,Repairs & maintenance,Repairs & maintenance,Check,D. Reyes,-7307.17
1121,2025-02-10,Bright Ledger Bookkeeping,Professional fees,Professional fees,Card,D. Reyes,-13086.85
1122,2025-02-10,Northgate Facility Solutions,Repairs & maintenance,Network support services,ACH,D. Reyes,-4378.31
1123,2025-02-10,Wholesale - The Reading Room Cafe,Sales revenue - wholesale,Sales revenue - wholesale,ACH,,1626.79
1124,2025-02-11,Cascade Power & Light,Utilities,Utilities,ACH,D. Reyes,-12.60
1125,2025-02-12,Highland Green Coffee Imports,Cost of goods - coffee,Cost of goods - coffee,Card,M. Chen,-9777.97
1126,2025-02-12,Highland Green Coffee Imports,Cost of goods - coffee,Cost of goods - coffee,Card,D. Reyes,-31.88
1127,2025-02-13,Catering - Various,Sales revenue - catering,Sales revenue - catering,ACH,,116.58
1128,2025-02-13,Cascade Power & Light,Utilities,Utilities,Check,D. Reyes,-597.16
1129,2025-02-13,Northwind Payroll Services,Payroll,Payroll,ACH,D. Reyes,-731.50
1130,2025-02-14,Daily Card Settlement - Square,Sales revenue - retail,Sales revenue - retail,Deposit,,311.24
1131,2025-02-14,Daily Cash Deposit,Sales revenue - retail,Sales revenue - retail,Deposit,,541.41
1132,2025-02-14,Office Depot,Office supplies,Office supplies,ACH,S. Patel,-241.29
1133,2025-02-15,Maplewood Property Mgmt,Rent,Rent,Check,S. Patel,-499.56
1134,2025-02-15,Daily Card Settlement - Square,Sales revenue - retail,Sales revenue - retail,Deposit,,146.44
1135,2025-02-15,ServPro Equipment Repair,Repairs & maintenance,Repairs & maintenance,Card,D. Reyes,-8291.51
1136,2025-02-15,City of Lindenwood (Permits),Licenses & permits,Licenses & permits,ACH,D. Reyes,-34.32
1137,2025-02-16,Cascade Power & Light,Utilities,Utilities,Card,D. Reyes,-220.91
1138,2025-02-16,Northgate Facility Solutions,Repairs & maintenance,Software license & support,ACH,D. Reyes,-4787.93
1139,2025-02-16,City of Lindenwood (Permits),Licenses & permits,Licenses & permits,ACH,D. Reyes,-4270.57
1140,2025-02-16,FreshGrocer Wholesale,Cost of goods - food,Cost of goods - food,ACH,D. Reyes,-96.41
1141,2025-02-16,Acme Coffee Equipment,Equipment,Equipment,Card,S. Patel,-3378.29
1142,2025-02-17,Cascade Power & Light,Utilities,Utilities,Card,D. Reyes,-627.94
1143,2025-02-17,Daily Card Settlement - Square,Sales revenue - retail,Sales revenue - retail,Deposit,,1491.24
1144,2025-02-18,Wholesale - Lindenwood Bistro,Sales revenue - wholesale,Sales revenue - wholesale,ACH,,5204.71
1145,2025-02-18,Office Depot,Office supplies,Office supplies,ACH,D. Reyes,-182.64
1146,2025-02-19,Wholesale - Brookside Market,Sales revenue - wholesale,Sales revenue - wholesale,ACH,,115.40
1147,2025-02-19,Daily Cash Deposit,Sales revenue - retail,Sales revenue - retail,Deposit,,1811.00
1148,2025-02-19,Metro Water District,Utilities,Utilities,Check,S. Patel,-18.05
1149,2025-02-19,Summit Marketing Studio,Marketing,Marketing,ACH,D. Reyes,-980.01
1150,2025-02-20,Wholesale - Lindenwood Bistro,Sales revenue - wholesale,Sales revenue - wholesale,ACH,,197.47
1151,2025-02-20,Highland Green Coffee Imports,Cost of goods - coffee,Cost of goods - coffee,Check,M. Chen,-6.31
1152,2025-02-21,Acme Coffee Equipment,Equipment,Equipment,ACH,D. Reyes,-16231.47
1153,2025-02-21,Catering - Various,Sales revenue - catering,Sales revenue - catering,ACH,,1378.18
1154,2025-02-22,Office Depot,Office supplies,Office supplies,Check,M. Chen,-161.12
1155,2025-02-22,Metro Water District,Utilities,Utilities,ACH,S. Patel,-99.03
1156,2025-02-22,Daily Cash Deposit,Sales revenue - retail,Sales revenue - retail,Deposit,,177.93
1157,2025-02-23,PaperCraft Packaging,Cost of goods - packaging,Cost of goods - packaging,Check,S. Patel,-435.70
1158,2025-02-23,Riverside Dairy Co-op,Cost of goods - dairy,Cost of goods - dairy,Card,S. Patel,-118.57
1159,2025-02-23,Daily Cash Deposit,Sales revenue - retail,Sales revenue - retail,Deposit,,185.09
1160,2025-02-24,Wholesale - Brookside Market,Sales revenue - wholesale,Sales revenue - wholesale,ACH,,129.42
1161,2025-02-24,Wholesale - The Reading Room Cafe,Sales revenue - wholesale,Sales revenue - wholesale,ACH,,7078.50
1162,2025-02-24,Catering - Various,Sales revenue - catering,Sales revenue - catering,ACH,,1348.62
1163,2025-02-24,FreshGrocer Wholesale,Cost of goods - food,Cost of goods - food,ACH,M. Chen,-1226.34
1164,2025-02-24,Catering - Various,Sales revenue - catering,Sales revenue - catering,ACH,,1867.53
1165,2025-02-25,Northgate Facility Solutions,Repairs & maintenance,Equipment calibration,ACH,D. Reyes,-4756.04
1166,2025-02-25,Wholesale - The Reading Room Cafe,Sales revenue - wholesale,Sales revenue - wholesale,ACH,,155.12
1167,2025-02-25,City of Lindenwood (Permits),Licenses & permits,Licenses & permits,Check,S. Patel,-634.01
1168,2025-02-26,PaperCraft Packaging,Cost of goods - packaging,Cost of goods - packaging,Check,M. Chen,-447.78
1169,2025-02-27,Evergreen Waste Removal,Utilities,Utilities,ACH,S. Patel,-135.29
1170,2025-02-27,Wholesale - The Reading Room Cafe,Sales revenue - wholesale,Sales revenue - wholesale,ACH,,160.68
1171,2025-02-27,Bright Ledger Bookkeeping,Professional fees,Professional fees,Card,D. Reyes,-292.56
1172,2025-02-28,Cascade Power & Light,Utilities,Utilities,Check,D. Reyes,-108.31
1173,2025-02-28,Bright Ledger Bookkeeping,Professional fees,Professional fees,Check,M. Chen,-2550.19
1174,2025-02-28,Metro Water District,Utilities,Utilities,Card,S. Patel,-13884.93
1175,2025-02-28,PaperCraft Packaging,Cost of goods - packaging,Cost of goods - packaging,Check,M. Chen,-18623.07
1176,2025-03-01,Riverside Dairy Co-op,Cost of goods - dairy,Cost of goods - dairy,ACH,D. Reyes,-228.00
1177,2025-03-01,Summit Marketing Studio,Marketing,Marketing,Card,D. Reyes,-8290.37
1178,2025-03-02,Catering - Various,Sales revenue - catering,Sales revenue - catering,ACH,,464.13
1179,2025-03-02,FreshGrocer Wholesale,Cost of goods - food,Cost of goods - food,ACH,D. Reyes,-29.66
1180,2025-03-02,Riverside Dairy Co-op,Cost of goods - dairy,Cost of goods - dairy,Check,M. Chen,-5494.18
1181,2025-03-03,Office Depot,Office supplies,Office supplies,Card,M. Chen,-320.12
1182,2025-03-03,Catering - Various,Sales revenue - catering,Sales revenue - catering,ACH,,7737.91
1183,2025-03-03,Wholesale - Brookside Market,Sales revenue - wholesale,Sales revenue - wholesale,ACH,,666.22
1184,2025-03-03,Wholesale - Lindenwood Bistro,Sales revenue - wholesale,Sales revenue - wholesale,ACH,,346.69
1185,2025-03-04,Bright Ledger Bookkeeping,Professional fees,Professional fees,ACH,D. Reyes,-743.47
1186,2025-03-04,Northwind Payroll Services,Payroll,Payroll,ACH,D. Reyes,-16.38
1187,2025-03-04,Wholesale - The Reading Room Cafe,Sales revenue - wholesale,Sales revenue - wholesale,ACH,,136.66
1188,2025-03-04,Daily Card Settlement - Square,Sales revenue - retail,Sales revenue - retail,Deposit,,3035.60
1189,2025-03-04,Daily Cash Deposit,Sales revenue - retail,Sales revenue - retail,Deposit,,3783.94
1190,2025-03-04,Daily Card Settlement - Square,Sales revenue - retail,Sales revenue - retail,Deposit,,4533.65
1191,2025-03-04,Daily Card Settlement - Square,Sales revenue - retail,Sales revenue - retail,Deposit,,1054.09
1192,2025-03-04,Wholesale - Lindenwood Bistro,Sales revenue - wholesale,Sales revenue - wholesale,ACH,,3353.14
1193,2025-03-05,Wholesale - Lindenwood Bistro,Sales revenue - wholesale,Sales revenue - wholesale,ACH,,2203.99
1194,2025-03-05,PaperCraft Packaging,Cost of goods - packaging,Cost of goods - packaging,Check,M. Chen,-10.96
1195,2025-03-06,Office Depot,Office supplies,Office supplies,ACH,D. Reyes,-4451.45
1196,2025-03-06,Daily Cash Deposit,Sales revenue - retail,Sales revenue - retail,Deposit,,133.86
1197,2025-03-07,FreshGrocer Wholesale,Cost of goods - food,Cost of goods - food,ACH,S. Patel,-215.73
1198,2025-03-07,Evergreen Waste Removal,Utilities,Utilities,ACH,D. Reyes,-22647.11
1199,2025-03-07,Daily Cash Deposit,Sales revenue - retail,Sales revenue - retail,Deposit,,402.08
1200,2025-03-07,Wholesale - Lindenwood Bistro,Sales revenue - wholesale,Sales revenue - wholesale,ACH,,164.55
1201,2025-03-08,Catering - Various,Sales revenue - catering,Sales revenue - catering,ACH,,6164.16
1202,2025-03-09,Daily Card Settlement - Square,Sales revenue - retail,Sales revenue - retail,Deposit,,110.97
1203,2025-03-09,Metro Water District,Utilities,Utilities,Check,M. Chen,-43.06
1204,2025-03-09,Catering - Various,Sales revenue - catering,Sales revenue - catering,ACH,,2882.53
1205,2025-03-10,Acme Coffee Equipment,Equipment,Equipment,Card,S. Patel,-58.39
1206,2025-03-10,Riverside Dairy Co-op,Cost of goods - dairy,Cost of goods - dairy,Card,D. Reyes,-1048.45
1207,2025-03-11,Wholesale - Lindenwood Bistro,Sales revenue - wholesale,Sales revenue - wholesale,ACH,,965.23
1208,2025-03-11,Summit Marketing Studio,Marketing,Marketing,Card,M. Chen,-46.52
1209,2025-03-12,Summit Marketing Studio,Marketing,Marketing,ACH,D. Reyes,-919.93
1210,2025-03-12,Riverside Dairy Co-op,Cost of goods - dairy,Cost of goods - dairy,Check,S. Patel,-9632.21
1211,2025-03-13,City of Lindenwood (Permits),Licenses & permits,Licenses & permits,ACH,M. Chen,-11.36
1212,2025-03-13,Northwind Payroll Services,Payroll,Payroll,ACH,D. Reyes,-896.45
1213,2025-03-13,Daily Card Settlement - Square,Sales revenue - retail,Sales revenue - retail,Deposit,,331.70
1214,2025-03-14,Cardinal Insurance Group,Insurance,Insurance,Check,D. Reyes,-14379.18
1215,2025-03-14,Cascade Power & Light,Utilities,Utilities,Check,M. Chen,-11147.41
1216,2025-03-15,PaperCraft Packaging,Cost of goods - packaging,Cost of goods - packaging,Card,D. Reyes,-7.08
1217,2025-03-15,Bright Ledger Bookkeeping,Professional fees,Professional fees,ACH,S. Patel,-14189.91
1218,2025-03-16,Wholesale - Brookside Market,Sales revenue - wholesale,Sales revenue - wholesale,ACH,,246.91
1219,2025-03-16,Highland Green Coffee Imports,Cost of goods - coffee,Cost of goods - coffee,Check,D. Reyes,-191.76
1220,2025-03-16,Daily Card Settlement - Square,Sales revenue - retail,Sales revenue - retail,Deposit,,640.23
1221,2025-03-17,City of Lindenwood (Permits),Licenses & permits,Licenses & permits,ACH,D. Reyes,-76.69
1222,2025-03-17,Cascade Power & Light,Utilities,Utilities,ACH,D. Reyes,-3319.83
1223,2025-03-17,Metro Water District,Utilities,Utilities,ACH,D. Reyes,-15619.48
1224,2025-03-17,ServPro Equipment Repair,Repairs & maintenance,Repairs & maintenance,Check,M. Chen,-11925.93
1225,2025-03-17,Northwind Payroll Services,Payroll,Payroll,Check,D. Reyes,-52.04
1226,2025-03-17,Highland Green Coffee Imports,Cost of goods - coffee,Cost of goods - coffee,ACH,M. Chen,-3434.01
1227,2025-03-18,Bright Ledger Bookkeeping,Professional fees,Professional fees,Check,S. Patel,-67.63
1228,2025-03-18,Wholesale - Brookside Market,Sales revenue - wholesale,Sales revenue - wholesale,ACH,,1586.62
1229,2025-03-19,Bright Ledger Bookkeeping,Professional fees,Professional fees,Check,D. Reyes,-4473.19
1230,2025-03-20,Evergreen Waste Removal,Utilities,Utilities,Check,M. Chen,-17307.22
1231,2025-03-20,Summit Marketing Studio,Marketing,Marketing,Card,D. Reyes,-473.80
1232,2025-03-20,City of Lindenwood (Permits),Licenses & permits,Licenses & permits,Check,D. Reyes,-2179.08
1233,2025-03-20,Catering - Various,Sales revenue - catering,Sales revenue - catering,ACH,,974.57
1234,2025-03-21,City of Lindenwood (Permits),Licenses & permits,Licenses & permits,ACH,D. Reyes,-24781.17
1235,2025-03-21,FreshGrocer Wholesale,Cost of goods - food,Cost of goods - food,Card,S. Patel,-2786.42
1236,2025-03-22,Northgate Facility Solutions,Repairs & maintenance,Equipment calibration,Check,D. Reyes,-4659.22
1237,2025-03-22,Catering - Various,Sales revenue - catering,Sales revenue - catering,ACH,,5411.98
1238,2025-03-22,Daily Card Settlement - Square,Sales revenue - retail,Sales revenue - retail,Deposit,,1827.76
1239,2025-03-22,City of Lindenwood (Permits),Licenses & permits,Licenses & permits,Card,S. Patel,-70.71
1240,2025-03-22,Daily Cash Deposit,Sales revenue - retail,Sales revenue - retail,Deposit,,1168.51
1241,2025-03-23,Evergreen Waste Removal,Utilities,Utilities,Check,D. Reyes,-2753.75
1242,2025-03-23,Catering - Various,Sales revenue - catering,Sales revenue - catering,ACH,,3113.37
1243,2025-03-23,FreshGrocer Wholesale,Cost of goods - food,Cost of goods - food,ACH,S. Patel,-34.96
1244,2025-03-24,Bright Ledger Bookkeeping,Professional fees,Professional fees,Card,M. Chen,-4314.06
1245,2025-03-24,Wholesale - The Reading Room Cafe,Sales revenue - wholesale,Sales revenue - wholesale,ACH,,113.72
1246,2025-03-24,Riverside Dairy Co-op,Cost of goods - dairy,Cost of goods - dairy,Check,M. Chen,-24838.96
1247,2025-03-25,City of Lindenwood (Permits),Licenses & permits,Licenses & permits,ACH,M. Chen,-46.53
1248,2025-03-25,Catering - Various,Sales revenue - catering,Sales revenue - catering,ACH,,423.58
1249,2025-03-25,Wholesale - Lindenwood Bistro,Sales revenue - wholesale,Sales revenue - wholesale,ACH,,85.73
1250,2025-03-25,Metro Water District,Utilities,Utilities,ACH,M. Chen,-300.61
1251,2025-03-26,Catering - Various,Sales revenue - catering,Sales revenue - catering,ACH,,7940.55
1252,2025-03-26,Metro Water District,Utilities,Utilities,ACH,M. Chen,-63.46
1253,2025-03-27,Riverside Dairy Co-op,Cost of goods - dairy,Cost of goods - dairy,ACH,M. Chen,-24179.99
1254,2025-03-27,Wholesale - Lindenwood Bistro,Sales revenue - wholesale,Sales revenue - wholesale,ACH,,122.77
1255,2025-03-27,Daily Card Settlement - Square,Sales revenue - retail,Sales revenue - retail,Deposit,,189.69
1256,2025-03-28,City of Lindenwood (Permits),Licenses & permits,Licenses & permits,ACH,S. Patel,-276.13
1257,2025-03-28,ServPro Equipment Repair,Repairs & maintenance,Repairs & maintenance,ACH,D. Reyes,-125.45
1258,2025-03-28,Cardinal Insurance Group,Insurance,Insurance,ACH,M. Chen,-25.30
1259,2025-03-29,PaperCraft Packaging,Cost of goods - packaging,Cost of goods - packaging,Card,S. Patel,-157.39
1260,2025-03-29,Riverside Dairy Co-op,Cost of goods - dairy,Cost of goods - dairy,Check,M. Chen,-25032.67
1261,2025-03-30,City of Lindenwood (Permits),Licenses & permits,Licenses & permits,ACH,S. Patel,-27.39
1262,2025-03-30,Metro Water District,Utilities,Utilities,ACH,S. Patel,-15060.91
1263,2025-03-30,Wholesale - The Reading Room Cafe,Sales revenue - wholesale,Sales revenue - wholesale,ACH,,4035.15
1264,2025-03-31,Wholesale - Lindenwood Bistro,Sales revenue - wholesale,Sales revenue - wholesale,ACH,,3453.73
1265,2025-03-31,City of Lindenwood (Permits),Licenses & permits,Licenses & permits,Card,S. Patel,-23.58
1266,2025-03-31,Maplewood Property Mgmt,Rent,Rent,Check,D. Reyes,-11.43
1267,2025-03-31,Cardinal Insurance Group,Insurance,Insurance,Check,D. Reyes,-9548.88
1268,2025-04-01,Daily Cash Deposit,Sales revenue - retail,Sales revenue - retail,Deposit,,615.55
1269,2025-04-01,Daily Card Settlement - Square,Sales revenue - retail,Sales revenue - retail,Deposit,,157.83
1270,2025-04-01,Bright Ledger Bookkeeping,Professional fees,Professional fees,Check,M. Chen,-4531.34
1271,2025-04-01,Highland Green Coffee Imports,Cost of goods - coffee,Cost of goods - coffee,Check,D. Reyes,-28.15
1272,2025-04-01,Office Depot,Office supplies,Office supplies,ACH,S. Patel,-2727.43
1273,2025-04-02,Summit Marketing Studio,Marketing,Marketing,ACH,M. Chen,-136.98
1274,2025-04-02,PaperCraft Packaging,Cost of goods - packaging,Cost of goods - packaging,Card,M. Chen,-16630.81
1275,2025-04-02,Summit Marketing Studio,Marketing,Marketing,Check,M. Chen,-18.76
1276,2025-04-02,Daily Card Settlement - Square,Sales revenue - retail,Sales revenue - retail,Deposit,,103.67
1277,2025-04-03,Daily Card Settlement - Square,Sales revenue - retail,Sales revenue - retail,Deposit,,198.79
1278,2025-04-03,Cascade Power & Light,Utilities,Utilities,ACH,M. Chen,-66.93
1279,2025-04-03,Daily Cash Deposit,Sales revenue - retail,Sales revenue - retail,Deposit,,491.84
1280,2025-04-04,Cardinal Insurance Group,Insurance,Insurance,ACH,D. Reyes,-2416.47
1281,2025-04-04,Catering - Various,Sales revenue - catering,Sales revenue - catering,ACH,,1258.23
1282,2025-04-05,Summit Marketing Studio,Marketing,Marketing,Check,S. Patel,-515.78
1283,2025-04-05,Cardinal Insurance Group,Insurance,Insurance,Check,M. Chen,-5151.03
1284,2025-04-05,Wholesale - Brookside Market,Sales revenue - wholesale,Sales revenue - wholesale,ACH,,198.35
1285,2025-04-05,Daily Cash Deposit,Sales revenue - retail,Sales revenue - retail,Deposit,,4422.58
1286,2025-04-05,Daily Card Settlement - Square,Sales revenue - retail,Sales revenue - retail,Deposit,,338.86
1287,2025-04-06,Daily Cash Deposit,Sales revenue - retail,Sales revenue - retail,Deposit,,237.19
1288,2025-04-06,Daily Card Settlement - Square,Sales revenue - retail,Sales revenue - retail,Deposit,,781.67
1289,2025-04-06,Daily Cash Deposit,Sales revenue - retail,Sales revenue - retail,Deposit,,208.62
1290,2025-04-06,Wholesale - Brookside Market,Sales revenue - wholesale,Sales revenue - wholesale,ACH,,1157.26
1291,2025-04-06,Daily Card Settlement - Square,Sales revenue - retail,Sales revenue - retail,Deposit,,866.49
1292,2025-04-07,Catering - Various,Sales revenue - catering,Sales revenue - catering,ACH,,2058.34
1293,2025-04-07,Office Depot,Office supplies,Office supplies,Check,M. Chen,-11101.40
1294,2025-04-07,Bright Ledger Bookkeeping,Professional fees,Professional fees,Card,D. Reyes,-133.45
1295,2025-04-07,Northwind Payroll Services,Payroll,Payroll,Card,S. Patel,-2179.10
1296,2025-04-07,Office Depot,Office supplies,Office supplies,ACH,S. Patel,-34363.27
1297,2025-04-07,Bright Ledger Bookkeeping,Professional fees,Professional fees,Card,D. Reyes,-2003.06
1298,2025-04-08,City of Lindenwood (Permits),Licenses & permits,Licenses & permits,Card,S. Patel,-7.11
1299,2025-04-08,Apex IT Consulting LLC,Repairs & maintenance,Network support services,Check,D. Reyes,-4644.64
1300,2025-04-08,Daily Cash Deposit,Sales revenue - retail,Sales revenue - retail,Deposit,,882.83
1301,2025-04-08,Highland Green Coffee Imports,Cost of goods - coffee,Cost of goods - coffee,ACH,S. Patel,-47.53
1302,2025-04-10,Wholesale - The Reading Room Cafe,Sales revenue - wholesale,Sales revenue - wholesale,ACH,,5158.85
1303,2025-04-10,Daily Cash Deposit,Sales revenue - retail,Sales revenue - retail,Deposit,,329.42
1304,2025-04-10,Daily Card Settlement - Square,Sales revenue - retail,Sales revenue - retail,Deposit,,214.51
1305,2025-04-10,Daily Cash Deposit,Sales revenue - retail,Sales revenue - retail,Deposit,,2039.94
1306,2025-04-11,FreshGrocer Wholesale,Cost of goods - food,Cost of goods - food,Check,M. Chen,-12848.02
1307,2025-04-11,ServPro Equipment Repair,Repairs & maintenance,Repairs & maintenance,Card,D. Reyes,-36610.44
1308,2025-04-11,Evergreen Waste Removal,Utilities,Utilities,Card,M. Chen,-2331.23
1309,2025-04-11,Apex IT Consulting LLC,Repairs & maintenance,After-hours facility cleaning,Check,D. Reyes,-4355.29
1310,2025-04-11,Catering - Various,Sales revenue - catering,Sales revenue - catering,ACH,,712.14
1311,2025-04-11,Bright Ledger Bookkeeping,Professional fees,Professional fees,ACH,S. Patel,-34030.01
1312,2025-04-12,PaperCraft Packaging,Cost of goods - packaging,Cost of goods - packaging,Check,D. Reyes,-3732.91
1313,2025-04-12,Wholesale - Lindenwood Bistro,Sales revenue - wholesale,Sales revenue - wholesale,ACH,,459.87
1314,2025-04-12,Daily Card Settlement - Square,Sales revenue - retail,Sales revenue - retail,Deposit,,135.40
1315,2025-04-12,ServPro Equipment Repair,Repairs & maintenance,Repairs & maintenance,ACH,D. Reyes,-1245.34
1316,2025-04-13,Wholesale - The Reading Room Cafe,Sales revenue - wholesale,Sales revenue - wholesale,ACH,,215.01
1317,2025-04-13,FreshGrocer Wholesale,Cost of goods - food,Cost of goods - food,ACH,D. Reyes,-766.87
1318,2025-04-14,Evergreen Waste Removal,Utilities,Utilities,Check,D. Reyes,-31.64
1319,2025-04-14,Catering - Various,Sales revenue - catering,Sales revenue - catering,ACH,,485.52
1320,2025-04-14,Daily Cash Deposit,Sales revenue - retail,Sales revenue - retail,Deposit,,318.09
1321,2025-04-14,ServPro Equipment Repair,Repairs & maintenance,Repairs & maintenance,ACH,D. Reyes,-157.78
1322,2025-04-14,Bright Ledger Bookkeeping,Professional fees,Professional fees,Card,D. Reyes,-883.93
1323,2025-04-15,Evergreen Waste Removal,Utilities,Utilities,Card,S. Patel,-742.08
1324,2025-04-16,Evergreen Waste Removal,Utilities,Utilities,ACH,S. Patel,-300.64
1325,2025-04-17,Highland Green Coffee Imports,Cost of goods - coffee,Cost of goods - coffee,Check,D. Reyes,-378.25
1326,2025-04-19,Daily Card Settlement - Square,Sales revenue - retail,Sales revenue - retail,Deposit,,1183.36
1327,2025-04-19,Northgate Facility Solutions,Repairs & maintenance,Quarterly maintenance retainer,Check,D. Reyes,-3856.26
1328,2025-04-19,Northgate Facility Solutions,Repairs & maintenance,Quarterly maintenance retainer,Check,D. Reyes,-4415.94
1329,2025-04-19,Apex IT Consulting LLC,Repairs & maintenance,Software license & support,ACH,D. Reyes,-4131.45
1330,2025-04-20,Wholesale - Lindenwood Bistro,Sales revenue - wholesale,Sales revenue - wholesale,ACH,,1121.82
1331,2025-04-20,Northwind Payroll Services,Payroll,Payroll,ACH,S. Patel,-87.25
1332,2025-04-21,Office Depot,Office supplies,Office supplies,ACH,D. Reyes,-239.91
1333,2025-04-21,Summit Marketing Studio,Marketing,Marketing,Card,D. Reyes,-5860.99
1334,2025-04-21,PaperCraft Packaging,Cost of goods - packaging,Cost of goods - packaging,Check,D. Reyes,-1212.51
1335,2025-04-21,Riverside Dairy Co-op,Cost of goods - dairy,Cost of goods - dairy,Check,D. Reyes,-9.04
1336,2025-04-22,Apex IT Consulting LLC,Repairs & maintenance,After-hours facility cleaning,Check,D. Reyes,-4621.43
1337,2025-04-23,Catering - Various,Sales revenue - catering,Sales revenue - catering,ACH,,233.63
1338,2025-04-23,Wholesale - Brookside Market,Sales revenue - wholesale,Sales revenue - wholesale,ACH,,717.96
1339,2025-04-23,PaperCraft Packaging,Cost of goods - packaging,Cost of goods - packaging,Check,S. Patel,-119.48
1340,2025-04-23,Wholesale - Brookside Market,Sales revenue - wholesale,Sales revenue - wholesale,ACH,,215.88
1341,2025-04-24,PaperCraft Packaging,Cost of goods - packaging,Cost of goods - packaging,Check,M. Chen,-6448.39
1342,2025-04-24,Metro Water District,Utilities,Utilities,ACH,S. Patel,-355.37
1343,2025-04-24,City of Lindenwood (Permits),Licenses & permits,Licenses & permits,Check,D. Reyes,-305.80
1344,2025-04-24,ServPro Equipment Repair,Repairs & maintenance,Repairs & maintenance,Card,M. Chen,-13.38
1345,2025-04-24,Northgate Facility Solutions,Repairs & maintenance,Software license & support,ACH,D. Reyes,-4245.75
1346,2025-04-25,Office Depot,Office supplies,Office supplies,ACH,D. Reyes,-382.50
1347,2025-04-25,Evergreen Waste Removal,Utilities,Utilities,Check,M. Chen,-15.42
1348,2025-04-25,Northgate Facility Solutions,Repairs & maintenance,Quarterly maintenance retainer,Check,D. Reyes,-2858.28
1349,2025-04-25,Maplewood Property Mgmt,Rent,Rent,Check,S. Patel,-175.62
1350,2025-04-26,Wholesale - Lindenwood Bistro,Sales revenue - wholesale,Sales revenue - wholesale,ACH,,158.93
1351,2025-04-26,Highland Green Coffee Imports,Cost of goods - coffee,Cost of goods - coffee,Card,M. Chen,-20.90
1352,2025-04-26,Northgate Facility Solutions,Repairs & maintenance,Quarterly maintenance retainer,Check,D. Reyes,-4299.83
1353,2025-04-26,Summit Marketing Studio,Marketing,Marketing,ACH,D. Reyes,-158.82
1354,2025-04-27,Catering - Various,Sales revenue - catering,Sales revenue - catering,ACH,,338.53
1355,2025-04-27,Maplewood Property Mgmt,Rent,Rent,Check,M. Chen,-262.73
1356,2025-04-27,Evergreen Waste Removal,Utilities,Utilities,Check,M. Chen,-17.39
1357,2025-04-27,Northgate Facility Solutions,Repairs & maintenance,After-hours facility cleaning,Check,D. Reyes,-3973.56
1358,2025-04-28,Catering - Various,Sales revenue - catering,Sales revenue - catering,ACH,,2662.34
1359,2025-04-28,Wholesale - Lindenwood Bistro,Sales revenue - wholesale,Sales revenue - wholesale,ACH,,2275.99
1360,2025-04-28,Wholesale - Lindenwood Bistro,Sales revenue - wholesale,Sales revenue - wholesale,ACH,,708.02
1361,2025-04-28,Summit Marketing Studio,Marketing,Marketing,Check,D. Reyes,-273.01
1362,2025-04-28,Catering - Various,Sales revenue - catering,Sales revenue - catering,ACH,,4817.57
1363,2025-04-29,Northgate Facility Solutions,Repairs & maintenance,Software license & support,Check,D. Reyes,-4963.14
1364,2025-04-30,Cardinal Insurance Group,Insurance,Insurance,ACH,M. Chen,-32262.25
1365,2025-05-02,Northwind Payroll Services,Payroll,Payroll,Check,M. Chen,-63.90
1366,2025-05-03,Daily Cash Deposit,Sales revenue - retail,Sales revenue - retail,Deposit,,3081.75
1367,2025-05-04,PaperCraft Packaging,Cost of goods - packaging,Cost of goods - packaging,Card,S. Patel,-7.20
1368,2025-05-04,Summit Marketing Studio,Marketing,Marketing,Check,M. Chen,-980.40
1369,2025-05-05,Highland Green Coffee Imports,Cost of goods - coffee,Cost of goods - coffee,Card,M. Chen,-159.79
1370,2025-05-05,Wholesale - The Reading Room Cafe,Sales revenue - wholesale,Sales revenue - wholesale,ACH,,78.48
1371,2025-05-05,PaperCraft Packaging,Cost of goods - packaging,Cost of goods - packaging,ACH,M. Chen,-12901.63
1372,2025-05-07,Maplewood Property Mgmt,Rent,Rent,Card,M. Chen,-124.80
1373,2025-05-07,Catering - Various,Sales revenue - catering,Sales revenue - catering,ACH,,901.15
1374,2025-05-08,Wholesale - Lindenwood Bistro,Sales revenue - wholesale,Sales revenue - wholesale,ACH,,425.10
1375,2025-05-08,Northwind Payroll Services,Payroll,Payroll,Card,S. Patel,-100.72
1376,2025-05-09,Cascade Power & Light,Utilities,Utilities,Check,M. Chen,-19.13
1377,2025-05-10,ServPro Equipment Repair,Repairs & maintenance,Repairs & maintenance,Check,S. Patel,-18.06
1378,2025-05-10,Metro Water District,Utilities,Utilities,Check,M. Chen,-59.38
1379,2025-05-10,Northgate Facility Solutions,Repairs & maintenance,Quarterly maintenance retainer,Check,D. Reyes,-4963.68
1380,2025-05-10,Daily Card Settlement - Square,Sales revenue - retail,Sales revenue - retail,Deposit,,189.48
1381,2025-05-11,Bright Ledger Bookkeeping,Professional fees,Professional fees,Card,S. Patel,-15.86
1382,2025-05-11,Cardinal Insurance Group,Insurance,Insurance,Check,D. Reyes,-454.86
1383,2025-05-11,Catering - Various,Sales revenue - catering,Sales revenue - catering,ACH,,887.06
1384,2025-05-12,Wholesale - The Reading Room Cafe,Sales revenue - wholesale,Sales revenue - wholesale,ACH,,402.40
1385,2025-05-13,Wholesale - Lindenwood Bistro,Sales revenue - wholesale,Sales revenue - wholesale,ACH,,68.23
1386,2025-05-13,Daily Cash Deposit,Sales revenue - retail,Sales revenue - retail,Deposit,,3151.50
1387,2025-05-15,Maplewood Property Mgmt,Rent,Rent,Check,S. Patel,-8.57
1388,2025-05-15,Evergreen Waste Removal,Utilities,Utilities,Card,S. Patel,-507.73
1389,2025-05-16,Apex IT Consulting LLC,Repairs & maintenance,Network support services,ACH,D. Reyes,-4276.48
1390,2025-05-16,Wholesale - Lindenwood Bistro,Sales revenue - wholesale,Sales revenue - wholesale,ACH,,5815.68
1391,2025-05-16,Apex IT Consulting LLC,Repairs & maintenance,HVAC servicing,Check,D. Reyes,-4929.10
1392,2025-05-17,Wholesale - Lindenwood Bistro,Sales revenue - wholesale,Sales revenue - wholesale,ACH,,2028.44
1393,2025-05-17,Riverside Dairy Co-op,Cost of goods - dairy,Cost of goods - dairy,ACH,D. Reyes,-13.20
1394,2025-05-18,Northgate Facility Solutions,Repairs & maintenance,Quarterly maintenance retainer,Check,D. Reyes,-4941.96
1395,2025-05-18,PaperCraft Packaging,Cost of goods - packaging,Cost of goods - packaging,Check,S. Patel,-658.69
1396,2025-05-18,Maplewood Property Mgmt,Rent,Rent,ACH,S. Patel,-169.36
1397,2025-05-18,Wholesale - Lindenwood Bistro,Sales revenue - wholesale,Sales revenue - wholesale,ACH,,121.53
1398,2025-05-18,City of Lindenwood (Permits),Licenses & permits,Licenses & permits,Check,S. Patel,-9087.06
1399,2025-05-18,Wholesale - Brookside Market,Sales revenue - wholesale,Sales revenue - wholesale,ACH,,1590.66
1400,2025-05-19,Catering - Various,Sales revenue - catering,Sales revenue - catering,ACH,,178.11
1401,2025-05-19,Cascade Power & Light,Utilities,Utilities,Card,D. Reyes,-33329.52
1402,2025-05-19,Daily Card Settlement - Square,Sales revenue - retail,Sales revenue - retail,Deposit,,170.21
1403,2025-05-20,Bright Ledger Bookkeeping,Professional fees,Professional fees,ACH,D. Reyes,-1272.12
1404,2025-05-20,Riverside Dairy Co-op,Cost of goods - dairy,Cost of goods - dairy,Check,S. Patel,-3178.25
1405,2025-05-22,Riverside Dairy Co-op,Cost of goods - dairy,Cost of goods - dairy,ACH,D. Reyes,-31.67
1406,2025-05-24,Acme Coffee Equipment,Equipment,Equipment,ACH,M. Chen,-422.73
1407,2025-05-24,Daily Card Settlement - Square,Sales revenue - retail,Sales revenue - retail,Deposit,,160.34
1408,2025-05-24,PaperCraft Packaging,Cost of goods - packaging,Cost of goods - packaging,ACH,M. Chen,-223.20
1409,2025-05-24,Catering - Various,Sales revenue - catering,Sales revenue - catering,ACH,,250.58
1410,2025-05-24,Maplewood Property Mgmt,Rent,Rent,Check,M. Chen,-3048.52
1411,2025-05-25,Wholesale - Brookside Market,Sales revenue - wholesale,Sales revenue - wholesale,ACH,,202.34
1412,2025-05-25,Daily Card Settlement - Square,Sales revenue - retail,Sales revenue - retail,Deposit,,1371.46
1413,2025-05-25,Catering - Various,Sales revenue - catering,Sales revenue - catering,ACH,,4131.37
1414,2025-05-26,Acme Coffee Equipment,Equipment,Equipment,ACH,M. Chen,-29318.79
1415,2025-05-26,Maplewood Property Mgmt,Rent,Rent,ACH,D. Reyes,-24.39
1416,2025-05-26,Cardinal Insurance Group,Insurance,Insurance,ACH,S. Patel,-130.19
1417,2025-05-26,PaperCraft Packaging,Cost of goods - packaging,Cost of goods - packaging,Check,D. Reyes,-40.79
1418,2025-05-26,Wholesale - Lindenwood Bistro,Sales revenue - wholesale,Sales revenue - wholesale,ACH,,1081.03
1419,2025-05-27,Acme Coffee Equipment,Equipment,Equipment,Check,D. Reyes,-7114.11
1420,2025-05-27,Daily Cash Deposit,Sales revenue - retail,Sales revenue - retail,Deposit,,909.50
1421,2025-05-27,ServPro Equipment Repair,Repairs & maintenance,Repairs & maintenance,ACH,D. Reyes,-31499.93
1422,2025-05-28,Cascade Power & Light,Utilities,Utilities,Check,M. Chen,-2488.84
1423,2025-05-28,City of Lindenwood (Permits),Licenses & permits,Licenses & permits,Card,S. Patel,-206.48
1424,2025-05-28,Maplewood Property Mgmt,Rent,Rent,ACH,D. Reyes,-48.00
1425,2025-05-28,Daily Card Settlement - Square,Sales revenue - retail,Sales revenue - retail,Deposit,,1044.53
1426,2025-05-29,Daily Cash Deposit,Sales revenue - retail,Sales revenue - retail,Deposit,,1374.05
1427,2025-05-29,Daily Card Settlement - Square,Sales revenue - retail,Sales revenue - retail,Deposit,,240.19
1428,2025-05-30,Evergreen Waste Removal,Utilities,Utilities,Check,M. Chen,-45.87
1429,2025-05-30,Northgate Facility Solutions,Repairs & maintenance,Equipment calibration,Check,D. Reyes,-4581.60
1430,2025-05-30,Wholesale - The Reading Room Cafe,Sales revenue - wholesale,Sales revenue - wholesale,ACH,,440.35
1431,2025-05-30,Highland Green Coffee Imports,Cost of goods - coffee,Cost of goods - coffee,Check,M. Chen,-143.58
1432,2025-05-31,FreshGrocer Wholesale,Cost of goods - food,Cost of goods - food,Card,M. Chen,-8.00
1433,2025-05-31,Wholesale - Brookside Market,Sales revenue - wholesale,Sales revenue - wholesale,ACH,,74.01
1434,2025-05-31,Highland Green Coffee Imports,Cost of goods - coffee,Cost of goods - coffee,Check,M. Chen,-4822.18
1435,2025-05-31,Cascade Power & Light,Utilities,Utilities,Card,M. Chen,-20.94
1436,2025-06-01,Northgate Facility Solutions,Repairs & maintenance,HVAC servicing,ACH,D. Reyes,-4539.85
1437,2025-06-01,Daily Cash Deposit,Sales revenue - retail,Sales revenue - retail,Deposit,,132.90
1438,2025-06-02,Catering - Various,Sales revenue - catering,Sales revenue - catering,ACH,,1373.34
1439,2025-06-02,ServPro Equipment Repair,Repairs & maintenance,Repairs & maintenance,Check,S. Patel,-3656.33
1440,2025-06-02,Northgate Facility Solutions,Repairs & maintenance,Equipment calibration,Check,D. Reyes,-4694.09
1441,2025-06-02,Daily Card Settlement - Square,Sales revenue - retail,Sales revenue - retail,Deposit,,1095.11
1442,2025-06-03,Wholesale - Lindenwood Bistro,Sales revenue - wholesale,Sales revenue - wholesale,ACH,,2107.53
1443,2025-06-03,Acme Coffee Equipment,Equipment,Equipment,Card,S. Patel,-13735.01
1444,2025-06-04,Wholesale - Lindenwood Bistro,Sales revenue - wholesale,Sales revenue - wholesale,ACH,,2432.99
1445,2025-06-04,Riverside Dairy Co-op,Cost of goods - dairy,Cost of goods - dairy,Check,M. Chen,-39274.82
1446,2025-06-06,Riverside Dairy Co-op,Cost of goods - dairy,Cost of goods - dairy,ACH,S. Patel,-2595.84
1447,2025-06-06,FreshGrocer Wholesale,Cost of goods - food,Cost of goods - food,Check,D. Reyes,-539.62
1448,2025-06-06,FreshGrocer Wholesale,Cost of goods - food,Cost of goods - food,Card,S. Patel,-91.64
1449,2025-06-07,Wholesale - Brookside Market,Sales revenue - wholesale,Sales revenue - wholesale,ACH,,2326.25
1450,2025-06-07,City of Lindenwood (Permits),Licenses & permits,Licenses & permits,ACH,M. Chen,-16025.81
1451,2025-06-07,Acme Coffee Equipment,Equipment,Equipment,Card,M. Chen,-1747.54
1452,2025-06-07,Daily Cash Deposit,Sales revenue - retail,Sales revenue - retail,Deposit,,1679.02
1453,2025-06-08,Cardinal Insurance Group,Insurance,Insurance,Check,M. Chen,-198.58
1454,2025-06-08,Metro Water District,Utilities,Utilities,Check,M. Chen,-386.79
1455,2025-06-08,ServPro Equipment Repair,Repairs & maintenance,Repairs & maintenance,ACH,S. Patel,-106.88
1456,2025-06-08,Wholesale - The Reading Room Cafe,Sales revenue - wholesale,Sales revenue - wholesale,ACH,,696.23
1457,2025-06-09,Northwind Payroll Services,Payroll,Payroll,Check,S. Patel,-21.08
1458,2025-06-09,Bright Ledger Bookkeeping,Professional fees,Professional fees,Check,D. Reyes,-21.50
1459,2025-06-10,Wholesale - The Reading Room Cafe,Sales revenue - wholesale,Sales revenue - wholesale,ACH,,1253.93
1460,2025-06-10,Daily Cash Deposit,Sales revenue - retail,Sales revenue - retail,Deposit,,242.80
1461,2025-06-10,Acme Coffee Equipment,Equipment,Equipment,ACH,D. Reyes,-766.41
1462,2025-06-11,Northwind Payroll Services,Payroll,Payroll,Check,D. Reyes,-34.26
1463,2025-06-11,Wholesale - The Reading Room Cafe,Sales revenue - wholesale,Sales revenue - wholesale,ACH,,777.44
1464,2025-06-12,PaperCraft Packaging,Cost of goods - packaging,Cost of goods - packaging,ACH,S. Patel,-284.73
1465,2025-06-12,Daily Card Settlement - Square,Sales revenue - retail,Sales revenue - retail,Deposit,,297.00
1466,2025-06-12,Summit Marketing Studio,Marketing,Marketing,ACH,S. Patel,-11445.57
1467,2025-06-12,Wholesale - Brookside Market,Sales revenue - wholesale,Sales revenue - wholesale,ACH,,85.30
1468,2025-06-12,Wholesale - Lindenwood Bistro,Sales revenue - wholesale,Sales revenue - wholesale,ACH,,209.35
1469,2025-06-13,Catering - Various,Sales revenue - catering,Sales revenue - catering,ACH,,227.14
1470,2025-06-13,Wholesale - The Reading Room Cafe,Sales revenue - wholesale,Sales revenue - wholesale,ACH,,1261.66
1471,2025-06-14,Evergreen Waste Removal,Utilities,Utilities,ACH,D. Reyes,-42.38
1472,2025-06-14,Riverside Dairy Co-op,Cost of goods - dairy,Cost of goods - dairy,Card,M. Chen,-42.94
1473,2025-06-14,Catering - Various,Sales revenue - catering,Sales revenue - catering,ACH,,1533.02
1474,2025-06-14,Northwind Payroll Services,Payroll,Payroll,ACH,D. Reyes,-71.85
1475,2025-06-15,Evergreen Waste Removal,Utilities,Utilities,Card,M. Chen,-16.39
1476,2025-06-15,Evergreen Waste Removal,Utilities,Utilities,Check,D. Reyes,-16894.54
1477,2025-06-15,Catering - Various,Sales revenue - catering,Sales revenue - catering,ACH,,906.50
1478,2025-06-15,Northwind Payroll Services,Payroll,Payroll,Check,M. Chen,-35.32
1479,2025-06-15,Bright Ledger Bookkeeping,Professional fees,Professional fees,Card,S. Patel,-271.53
1480,2025-06-16,Daily Cash Deposit,Sales revenue - retail,Sales revenue - retail,Deposit,,4644.34
1481,2025-06-16,Daily Card Settlement - Square,Sales revenue - retail,Sales revenue - retail,Deposit,,2627.13
1482,2025-06-17,City of Lindenwood (Permits),Licenses & permits,Licenses & permits,Check,M. Chen,-20433.48
1483,2025-06-17,Wholesale - The Reading Room Cafe,Sales revenue - wholesale,Sales revenue - wholesale,ACH,,433.31
1484,2025-06-17,Cascade Power & Light,Utilities,Utilities,Card,M. Chen,-73.11
1485,2025-06-19,Catering - Various,Sales revenue - catering,Sales revenue - catering,ACH,,348.81
1486,2025-06-19,Wholesale - Lindenwood Bistro,Sales revenue - wholesale,Sales revenue - wholesale,ACH,,4306.08
1487,2025-06-20,Catering - Various,Sales revenue - catering,Sales revenue - catering,ACH,,607.93
1488,2025-06-20,Cardinal Insurance Group,Insurance,Insurance,Check,M. Chen,-7792.14
1489,2025-06-20,Wholesale - Lindenwood Bistro,Sales revenue - wholesale,Sales revenue - wholesale,ACH,,2726.36
1490,2025-06-20,Catering - Various,Sales revenue - catering,Sales revenue - catering,ACH,,382.20
1491,2025-06-21,Cardinal Insurance Group,Insurance,Insurance,Card,M. Chen,-26706.25
1492,2025-06-22,Wholesale - Lindenwood Bistro,Sales revenue - wholesale,Sales revenue - wholesale,ACH,,5886.58
1493,2025-06-22,ServPro Equipment Repair,Repairs & maintenance,Repairs & maintenance,Check,S. Patel,-116.08
1494,2025-06-23,Wholesale - The Reading Room Cafe,Sales revenue - wholesale,Sales revenue - wholesale,ACH,,197.68
1495,2025-06-23,Wholesale - Brookside Market,Sales revenue - wholesale,Sales revenue - wholesale,ACH,,4163.84
1496,2025-06-23,ServPro Equipment Repair,Repairs & maintenance,Repairs & maintenance,Check,D. Reyes,-1481.51
1497,2025-06-23,Catering - Various,Sales revenue - catering,Sales revenue - catering,ACH,,1938.35
1498,2025-06-23,Riverside Dairy Co-op,Cost of goods - dairy,Cost of goods - dairy,ACH,D. Reyes,-250.76
1499,2025-06-24,City of Lindenwood (Permits),Licenses & permits,Licenses & permits,Check,S. Patel,-462.02
1500,2025-06-24,Summit Marketing Studio,Marketing,Marketing,Check,D. Reyes,-11.06
1501,2025-06-24,Evergreen Waste Removal,Utilities,Utilities,ACH,D. Reyes,-21.78
1502,2025-06-25,Wholesale - The Reading Room Cafe,Sales revenue - wholesale,Sales revenue - wholesale,ACH,,1209.42
1503,2025-06-25,Catering - Various,Sales revenue - catering,Sales revenue - catering,ACH,,112.15
1504,2025-06-25,Bright Ledger Bookkeeping,Professional fees,Professional fees,Card,M. Chen,-37.56
1505,2025-06-27,Wholesale - Brookside Market,Sales revenue - wholesale,Sales revenue - wholesale,ACH,,115.00
1506,2025-06-27,Riverside Dairy Co-op,Cost of goods - dairy,Cost of goods - dairy,Card,M. Chen,-87.45
1507,2025-06-28,Catering - Various,Sales revenue - catering,Sales revenue - catering,ACH,,494.20
1508,2025-06-28,Cascade Power & Light,Utilities,Utilities,ACH,M. Chen,-6397.01
1509,2025-06-28,Daily Card Settlement - Square,Sales revenue - retail,Sales revenue - retail,Deposit,,710.46
1510,2025-06-28,Daily Card Settlement - Square,Sales revenue - retail,Sales revenue - retail,Deposit,,1199.00
1511,2025-06-29,Northwind Payroll Services,Payroll,Payroll,ACH,D. Reyes,-2390.74
1512,2025-06-29,Northgate Facility Solutions,Repairs & maintenance,Emergency repair call-out,Check,D. Reyes,-4278.70
1513,2025-06-30,Daily Card Settlement - Square,Sales revenue - retail,Sales revenue - retail,Deposit,,3520.28
1514,2025-06-30,Wholesale - Brookside Market,Sales revenue - wholesale,Sales revenue - wholesale,ACH,,125.98
1515,2025-06-30,Metro Water District,Utilities,Utilities,Card,M. Chen,-14.60
1516,2025-07-02,Bright Ledger Bookkeeping,Professional fees,Professional fees,ACH,S. Patel,-1320.99
1517,2025-07-02,Wholesale - The Reading Room Cafe,Sales revenue - wholesale,Sales revenue - wholesale,ACH,,201.19
1518,2025-07-02,Daily Cash Deposit,Sales revenue - retail,Sales revenue - retail,Deposit,,635.53
1519,2025-07-02,ServPro Equipment Repair,Repairs & maintenance,Repairs & maintenance,ACH,S. Patel,-300.13
1520,2025-07-02,Catering - Various,Sales revenue - catering,Sales revenue - catering,ACH,,964.33
1521,2025-07-03,Wholesale - Brookside Market,Sales revenue - wholesale,Sales revenue - wholesale,ACH,,6060.36
1522,2025-07-03,Summit Marketing Studio,Marketing,Marketing,ACH,D. Reyes,-35.64
1523,2025-07-04,Highland Green Coffee Imports,Cost of goods - coffee,Cost of goods - coffee,ACH,D. Reyes,-18552.05
1524,2025-07-04,Acme Coffee Equipment,Equipment,Equipment,Check,S. Patel,-108.86
1525,2025-07-05,Wholesale - The Reading Room Cafe,Sales revenue - wholesale,Sales revenue - wholesale,ACH,,158.44
1526,2025-07-06,FreshGrocer Wholesale,Cost of goods - food,Cost of goods - food,ACH,D. Reyes,-678.43
1527,2025-07-06,FreshGrocer Wholesale,Cost of goods - food,Cost of goods - food,Card,D. Reyes,-13405.59
1528,2025-07-07,Office Depot,Office supplies,Office supplies,Check,D. Reyes,-34761.19
1529,2025-07-07,Summit Marketing Studio,Marketing,Marketing,ACH,D. Reyes,-790.37
1530,2025-07-07,Northgate Facility Solutions,Repairs & maintenance,Emergency repair call-out,Check,D. Reyes,-4398.01
1531,2025-07-07,Bright Ledger Bookkeeping,Professional fees,Professional fees,Check,D. Reyes,-69.47
1532,2025-07-08,Northgate Facility Solutions,Repairs & maintenance,Quarterly maintenance retainer,Check,D. Reyes,-4076.03
1533,2025-07-08,Wholesale - Lindenwood Bistro,Sales revenue - wholesale,Sales revenue - wholesale,ACH,,5377.06
1534,2025-07-08,Riverside Dairy Co-op,Cost of goods - dairy,Cost of goods - dairy,ACH,S. Patel,-11.52
1535,2025-07-09,PaperCraft Packaging,Cost of goods - packaging,Cost of goods - packaging,Check,S. Patel,-30239.17
1536,2025-07-09,Daily Cash Deposit,Sales revenue - retail,Sales revenue - retail,Deposit,,4847.96
1537,2025-07-09,Catering - Various,Sales revenue - catering,Sales revenue - catering,ACH,,738.72
1538,2025-07-09,Wholesale - Brookside Market,Sales revenue - wholesale,Sales revenue - wholesale,ACH,,157.69
1539,2025-07-10,Daily Card Settlement - Square,Sales revenue - retail,Sales revenue - retail,Deposit,,1673.35
1540,2025-07-10,Highland Green Coffee Imports,Cost of goods - coffee,Cost of goods - coffee,Card,D. Reyes,-830.72
1541,2025-07-10,Northgate Facility Solutions,Repairs & maintenance,Quarterly maintenance retainer,Check,D. Reyes,-4620.01
1542,2025-07-11,Acme Coffee Equipment,Equipment,Equipment,Card,D. Reyes,-71.71
1543,2025-07-13,Northwind Payroll Services,Payroll,Payroll,Card,M. Chen,-101.32
1544,2025-07-13,ServPro Equipment Repair,Repairs & maintenance,Repairs & maintenance,Check,M. Chen,-8.61
1545,2025-07-13,Wholesale - Lindenwood Bistro,Sales revenue - wholesale,Sales revenue - wholesale,ACH,,1207.67
1546,2025-07-14,PaperCraft Packaging,Cost of goods - packaging,Cost of goods - packaging,Check,M. Chen,-15.98
1547,2025-07-14,Wholesale - Lindenwood Bistro,Sales revenue - wholesale,Sales revenue - wholesale,ACH,,185.85
1548,2025-07-14,Bright Ledger Bookkeeping,Professional fees,Professional fees,Check,D. Reyes,-8113.68
1549,2025-07-15,Wholesale - Brookside Market,Sales revenue - wholesale,Sales revenue - wholesale,ACH,,722.51
1550,2025-07-16,Daily Cash Deposit,Sales revenue - retail,Sales revenue - retail,Deposit,,4289.31
1551,2025-07-16,Cascade Power & Light,Utilities,Utilities,Card,M. Chen,-3136.50
1552,2025-07-16,Highland Green Coffee Imports,Cost of goods - coffee,Cost of goods - coffee,ACH,S. Patel,-67.28
1553,2025-07-16,Acme Coffee Equipment,Equipment,Equipment,Check,S. Patel,-10921.81
1554,2025-07-17,Wholesale - Brookside Market,Sales revenue - wholesale,Sales revenue - wholesale,ACH,,259.16
1555,2025-07-18,Wholesale - Lindenwood Bistro,Sales revenue - wholesale,Sales revenue - wholesale,ACH,,148.68
1556,2025-07-18,Bright Ledger Bookkeeping,Professional fees,Professional fees,Card,M. Chen,-37393.73
1557,2025-07-19,Daily Cash Deposit,Sales revenue - retail,Sales revenue - retail,Deposit,,171.91
1558,2025-07-19,Wholesale - Lindenwood Bistro,Sales revenue - wholesale,Sales revenue - wholesale,ACH,,101.37
1559,2025-07-20,Wholesale - Brookside Market,Sales revenue - wholesale,Sales revenue - wholesale,ACH,,576.26
1560,2025-07-20,Daily Cash Deposit,Sales revenue - retail,Sales revenue - retail,Deposit,,133.50
1561,2025-07-21,Daily Card Settlement - Square,Sales revenue - retail,Sales revenue - retail,Deposit,,564.33
1562,2025-07-21,City of Lindenwood (Permits),Licenses & permits,Licenses & permits,ACH,S. Patel,-29.45
1563,2025-07-22,FreshGrocer Wholesale,Cost of goods - food,Cost of goods - food,Check,M. Chen,-15.18
1564,2025-07-23,Bright Ledger Bookkeeping,Professional fees,Professional fees,Card,D. Reyes,-20816.78
1565,2025-07-24,Highland Green Coffee Imports,Cost of goods - coffee,Cost of goods - coffee,Check,M. Chen,-3106.33
1566,2025-07-25,Office Depot,Office supplies,Office supplies,Card,M. Chen,-7.79
1567,2025-07-25,PaperCraft Packaging,Cost of goods - packaging,Cost of goods - packaging,Check,M. Chen,-51.00
1568,2025-07-25,Daily Cash Deposit,Sales revenue - retail,Sales revenue - retail,Deposit,,353.99
1569,2025-07-25,Bright Ledger Bookkeeping,Professional fees,Professional fees,Card,M. Chen,-21.40
1570,2025-07-25,Wholesale - The Reading Room Cafe,Sales revenue - wholesale,Sales revenue - wholesale,ACH,,5488.90
1571,2025-07-25,Daily Card Settlement - Square,Sales revenue - retail,Sales revenue - retail,Deposit,,896.84
1572,2025-07-26,Northgate Facility Solutions,Repairs & maintenance,Software license & support,Check,D. Reyes,-4119.67
1573,2025-07-27,Northwind Payroll Services,Payroll,Payroll,Card,S. Patel,-70.90
1574,2025-07-28,Daily Card Settlement - Square,Sales revenue - retail,Sales revenue - retail,Deposit,,449.60
1575,2025-07-29,Daily Card Settlement - Square,Sales revenue - retail,Sales revenue - retail,Deposit,,841.49
1576,2025-07-29,Catering - Various,Sales revenue - catering,Sales revenue - catering,ACH,,211.15
1577,2025-07-29,Maplewood Property Mgmt,Rent,Rent,ACH,S. Patel,-8.48
1578,2025-07-29,Northgate Facility Solutions,Repairs & maintenance,Quarterly maintenance retainer,ACH,D. Reyes,-4534.92
1579,2025-07-30,Wholesale - The Reading Room Cafe,Sales revenue - wholesale,Sales revenue - wholesale,ACH,,618.01
1580,2025-07-30,PaperCraft Packaging,Cost of goods - packaging,Cost of goods - packaging,Check,M. Chen,-2305.63
1581,2025-07-30,Acme Coffee Equipment,Equipment,Equipment,ACH,D. Reyes,-156.80
1582,2025-07-31,Northwind Payroll Services,Payroll,Payroll,Check,D. Reyes,-41.12
1583,2025-07-31,Wholesale - The Reading Room Cafe,Sales revenue - wholesale,Sales revenue - wholesale,ACH,,499.92
1584,2025-08-01,Daily Cash Deposit,Sales revenue - retail,Sales revenue - retail,Deposit,,121.60
1585,2025-08-01,Northwind Payroll Services,Payroll,Payroll,Check,S. Patel,-2703.02
1586,2025-08-01,FreshGrocer Wholesale,Cost of goods - food,Cost of goods - food,ACH,M. Chen,-1219.40
1587,2025-08-01,Wholesale - Lindenwood Bistro,Sales revenue - wholesale,Sales revenue - wholesale,ACH,,1346.42
1588,2025-08-01,Acme Coffee Equipment,Equipment,Equipment,ACH,M. Chen,-20.04
1589,2025-08-01,Wholesale - The Reading Room Cafe,Sales revenue - wholesale,Sales revenue - wholesale,ACH,,4866.58
1590,2025-08-02,Daily Card Settlement - Square,Sales revenue - retail,Sales revenue - retail,Deposit,,563.62
1591,2025-08-02,Cardinal Insurance Group,Insurance,Insurance,ACH,S. Patel,-1739.66
1592,2025-08-03,Cascade Power & Light,Utilities,Utilities,Check,D. Reyes,-7.68
1593,2025-08-04,Cardinal Insurance Group,Insurance,Insurance,Card,D. Reyes,-925.09
1594,2025-08-04,Cascade Power & Light,Utilities,Utilities,ACH,D. Reyes,-8.79
1595,2025-08-05,Acme Coffee Equipment,Equipment,Equipment,ACH,M. Chen,-11783.20
1596,2025-08-05,Wholesale - The Reading Room Cafe,Sales revenue - wholesale,Sales revenue - wholesale,ACH,,6164.69
1597,2025-08-05,Highland Green Coffee Imports,Cost of goods - coffee,Cost of goods - coffee,ACH,M. Chen,-9225.18
1598,2025-08-06,Northgate Facility Solutions,Repairs & maintenance,After-hours facility cleaning,Check,D. Reyes,-4901.78
1599,2025-08-06,Northwind Payroll Services,Payroll,Payroll,ACH,S. Patel,-1120.23
1600,2025-08-06,Northgate Facility Solutions,Repairs & maintenance,Network support services,Check,D. Reyes,-4624.13
1601,2025-08-06,Daily Card Settlement - Square,Sales revenue - retail,Sales revenue - retail,Deposit,,546.30
1602,2025-08-07,Riverside Dairy Co-op,Cost of goods - dairy,Cost of goods - dairy,Check,D. Reyes,-2157.93
1603,2025-08-08,Daily Card Settlement - Square,Sales revenue - retail,Sales revenue - retail,Deposit,,1537.08
1604,2025-08-08,Daily Card Settlement - Square,Sales revenue - retail,Sales revenue - retail,Deposit,,4451.28
1605,2025-08-08,ServPro Equipment Repair,Repairs & maintenance,Repairs & maintenance,ACH,D. Reyes,-6.97
1606,2025-08-08,Wholesale - The Reading Room Cafe,Sales revenue - wholesale,Sales revenue - wholesale,ACH,,3529.80
1607,2025-08-08,Wholesale - Brookside Market,Sales revenue - wholesale,Sales revenue - wholesale,ACH,,5875.88
1608,2025-08-08,Catering - Various,Sales revenue - catering,Sales revenue - catering,ACH,,78.08
1609,2025-08-08,Wholesale - Brookside Market,Sales revenue - wholesale,Sales revenue - wholesale,ACH,,3262.88
1610,2025-08-09,Evergreen Waste Removal,Utilities,Utilities,ACH,D. Reyes,-41.71
1611,2025-08-09,FreshGrocer Wholesale,Cost of goods - food,Cost of goods - food,ACH,M. Chen,-425.46
1612,2025-08-09,FreshGrocer Wholesale,Cost of goods - food,Cost of goods - food,Card,D. Reyes,-9979.67
1613,2025-08-09,City of Lindenwood (Permits),Licenses & permits,Licenses & permits,Card,D. Reyes,-758.62
1614,2025-08-10,Wholesale - Brookside Market,Sales revenue - wholesale,Sales revenue - wholesale,ACH,,663.64
1615,2025-08-11,Northwind Payroll Services,Payroll,Payroll,Card,D. Reyes,-18.53
1616,2025-08-11,Catering - Various,Sales revenue - catering,Sales revenue - catering,ACH,,88.69
1617,2025-08-11,Wholesale - Lindenwood Bistro,Sales revenue - wholesale,Sales revenue - wholesale,ACH,,759.45
1618,2025-08-12,Catering - Various,Sales revenue - catering,Sales revenue - catering,ACH,,70.16
1619,2025-08-12,Metro Water District,Utilities,Utilities,ACH,M. Chen,-23364.19
1620,2025-08-12,Cardinal Insurance Group,Insurance,Insurance,Check,D. Reyes,-2859.86
1621,2025-08-13,Catering - Various,Sales revenue - catering,Sales revenue - catering,ACH,,2026.26
1622,2025-08-13,Daily Cash Deposit,Sales revenue - retail,Sales revenue - retail,Deposit,,560.76
1623,2025-08-14,FreshGrocer Wholesale,Cost of goods - food,Cost of goods - food,Check,D. Reyes,-482.11
1624,2025-08-14,Bright Ledger Bookkeeping,Professional fees,Professional fees,ACH,D. Reyes,-121.99
1625,2025-08-14,Wholesale - The Reading Room Cafe,Sales revenue - wholesale,Sales revenue - wholesale,ACH,,1814.28
1626,2025-08-14,Cascade Power & Light,Utilities,Utilities,Card,S. Patel,-11641.86
1627,2025-08-14,Riverside Dairy Co-op,Cost of goods - dairy,Cost of goods - dairy,Card,M. Chen,-1072.84
1628,2025-08-15,Wholesale - The Reading Room Cafe,Sales revenue - wholesale,Sales revenue - wholesale,ACH,,525.91
1629,2025-08-15,Catering - Various,Sales revenue - catering,Sales revenue - catering,ACH,,4929.87
1630,2025-08-15,Summit Marketing Studio,Marketing,Marketing,ACH,S. Patel,-654.36
1631,2025-08-16,Wholesale - Brookside Market,Sales revenue - wholesale,Sales revenue - wholesale,ACH,,325.92
1632,2025-08-16,Daily Cash Deposit,Sales revenue - retail,Sales revenue - retail,Deposit,,117.77
1633,2025-08-16,Daily Cash Deposit,Sales revenue - retail,Sales revenue - retail,Deposit,,593.21
1634,2025-08-17,Summit Marketing Studio,Marketing,Marketing,Card,D. Reyes,-70.41
1635,2025-08-17,Northgate Facility Solutions,Repairs & maintenance,HVAC servicing,Check,D. Reyes,-3988.36
1636,2025-08-17,Wholesale - Brookside Market,Sales revenue - wholesale,Sales revenue - wholesale,ACH,,3482.87
1637,2025-08-17,Daily Card Settlement - Square,Sales revenue - retail,Sales revenue - retail,Deposit,,278.57
1638,2025-08-18,Wholesale - Brookside Market,Sales revenue - wholesale,Sales revenue - wholesale,ACH,,1605.52
1639,2025-08-18,Wholesale - Brookside Market,Sales revenue - wholesale,Sales revenue - wholesale,ACH,,2544.58
1640,2025-08-18,Metro Water District,Utilities,Utilities,Card,M. Chen,-9.74
1641,2025-08-19,Bright Ledger Bookkeeping,Professional fees,Professional fees,ACH,S. Patel,-625.61
1642,2025-08-19,Metro Water District,Utilities,Utilities,ACH,M. Chen,-5385.95
1643,2025-08-19,Acme Coffee Equipment,Equipment,Equipment,ACH,M. Chen,-12.55
1644,2025-08-19,Apex IT Consulting LLC,Repairs & maintenance,Equipment calibration,Check,D. Reyes,-4550.26
1645,2025-08-20,Wholesale - Brookside Market,Sales revenue - wholesale,Sales revenue - wholesale,ACH,,2274.55
1646,2025-08-20,Apex IT Consulting LLC,Repairs & maintenance,Quarterly maintenance retainer,Check,D. Reyes,-4914.93
1647,2025-08-20,Office Depot,Office supplies,Office supplies,Check,M. Chen,-332.01
1648,2025-08-20,Acme Coffee Equipment,Equipment,Equipment,Card,M. Chen,-1024.75
1649,2025-08-20,Catering - Various,Sales revenue - catering,Sales revenue - catering,ACH,,457.86
1650,2025-08-21,Office Depot,Office supplies,Office supplies,Check,S. Patel,-6853.14
1651,2025-08-21,Wholesale - The Reading Room Cafe,Sales revenue - wholesale,Sales revenue - wholesale,ACH,,258.84
1652,2025-08-21,Wholesale - The Reading Room Cafe,Sales revenue - wholesale,Sales revenue - wholesale,ACH,,84.04
1653,2025-08-23,Northwind Payroll Services,Payroll,Payroll,Card,D. Reyes,-121.50
1654,2025-08-23,Northwind Payroll Services,Payroll,Payroll,ACH,S. Patel,-6.88
1655,2025-08-23,Apex IT Consulting LLC,Repairs & maintenance,HVAC servicing,ACH,D. Reyes,-4561.83
1656,2025-08-23,Wholesale - Brookside Market,Sales revenue - wholesale,Sales revenue - wholesale,ACH,,97.73
1657,2025-08-23,Metro Water District,Utilities,Utilities,Card,S. Patel,-292.17
1658,2025-08-24,Metro Water District,Utilities,Utilities,ACH,M. Chen,-79.56
1659,2025-08-24,Summit Marketing Studio,Marketing,Marketing,ACH,M. Chen,-946.70
1660,2025-08-25,Summit Marketing Studio,Marketing,Marketing,Card,D. Reyes,-49.98
1661,2025-08-26,Wholesale - The Reading Room Cafe,Sales revenue - wholesale,Sales revenue - wholesale,ACH,,120.34
1662,2025-08-27,Wholesale - Brookside Market,Sales revenue - wholesale,Sales revenue - wholesale,ACH,,98.21
1663,2025-08-28,Daily Card Settlement - Square,Sales revenue - retail,Sales revenue - retail,Deposit,,244.87
1664,2025-08-29,Metro Water District,Utilities,Utilities,ACH,D. Reyes,-72.32
1665,2025-08-29,Bright Ledger Bookkeeping,Professional fees,Professional fees,Card,D. Reyes,-685.01
1666,2025-08-29,Wholesale - The Reading Room Cafe,Sales revenue - wholesale,Sales revenue - wholesale,ACH,,160.73
1667,2025-08-30,Catering - Various,Sales revenue - catering,Sales revenue - catering,ACH,,311.28
1668,2025-08-30,Evergreen Waste Removal,Utilities,Utilities,Check,S. Patel,-100.60
1669,2025-08-31,Wholesale - Lindenwood Bistro,Sales revenue - wholesale,Sales revenue - wholesale,ACH,,6125.10
1670,2025-08-31,Northgate Facility Solutions,Repairs & maintenance,Network support services,Check,D. Reyes,-4931.60
1671,2025-08-31,Cascade Power & Light,Utilities,Utilities,Card,S. Patel,-180.08
1672,2025-09-01,Northwind Payroll Services,Payroll,Payroll,Card,D. Reyes,-9278.40
1673,2025-09-01,Office Depot,Office supplies,Office supplies,Card,S. Patel,-9041.81
1674,2025-09-02,PaperCraft Packaging,Cost of goods - packaging,Cost of goods - packaging,Card,D. Reyes,-1148.30
1675,2025-09-02,Wholesale - Brookside Market,Sales revenue - wholesale,Sales revenue - wholesale,ACH,,98.49
1676,2025-09-03,Catering - Various,Sales revenue - catering,Sales revenue - catering,ACH,,1758.97
1677,2025-09-03,Acme Coffee Equipment,Equipment,Equipment,Card,M. Chen,-1599.42
1678,2025-09-03,Daily Cash Deposit,Sales revenue - retail,Sales revenue - retail,Deposit,,121.46
1679,2025-09-04,Wholesale - The Reading Room Cafe,Sales revenue - wholesale,Sales revenue - wholesale,ACH,,490.31
1680,2025-09-04,Apex IT Consulting LLC,Repairs & maintenance,HVAC servicing,ACH,D. Reyes,-4925.16
1681,2025-09-05,Riverside Dairy Co-op,Cost of goods - dairy,Cost of goods - dairy,Card,M. Chen,-236.76
1682,2025-09-05,Cascade Power & Light,Utilities,Utilities,Check,S. Patel,-5526.01
1683,2025-09-05,Daily Cash Deposit,Sales revenue - retail,Sales revenue - retail,Deposit,,461.37
1684,2025-09-05,Office Depot,Office supplies,Office supplies,Card,D. Reyes,-74.17
1685,2025-09-05,Acme Coffee Equipment,Equipment,Equipment,ACH,D. Reyes,-72.28
1686,2025-09-05,Catering - Various,Sales revenue - catering,Sales revenue - catering,ACH,,442.62
1687,2025-09-06,PaperCraft Packaging,Cost of goods - packaging,Cost of goods - packaging,ACH,S. Patel,-254.98
1688,2025-09-06,Cascade Power & Light,Utilities,Utilities,Card,M. Chen,-10382.27
1689,2025-09-06,Maplewood Property Mgmt,Rent,Rent,ACH,S. Patel,-186.11
1690,2025-09-07,Cascade Power & Light,Utilities,Utilities,Card,S. Patel,-197.23
1691,2025-09-08,Catering - Various,Sales revenue - catering,Sales revenue - catering,ACH,,148.31
1692,2025-09-08,Wholesale - Brookside Market,Sales revenue - wholesale,Sales revenue - wholesale,ACH,,145.25
1693,2025-09-08,Wholesale - The Reading Room Cafe,Sales revenue - wholesale,Sales revenue - wholesale,ACH,,342.94
1694,2025-09-08,Catering - Various,Sales revenue - catering,Sales revenue - catering,ACH,,2637.28
1695,2025-09-08,Wholesale - The Reading Room Cafe,Sales revenue - wholesale,Sales revenue - wholesale,ACH,,182.07
1696,2025-09-08,Wholesale - The Reading Room Cafe,Sales revenue - wholesale,Sales revenue - wholesale,ACH,,3969.41
1697,2025-09-08,Northwind Payroll Services,Payroll,Payroll,ACH,M. Chen,-7.37
1698,2025-09-09,Wholesale - Lindenwood Bistro,Sales revenue - wholesale,Sales revenue - wholesale,ACH,,4996.06
1699,2025-09-09,ServPro Equipment Repair,Repairs & maintenance,Repairs & maintenance,ACH,S. Patel,-1129.81
1700,2025-09-10,Wholesale - Lindenwood Bistro,Sales revenue - wholesale,Sales revenue - wholesale,ACH,,330.14
1701,2025-09-10,Bright Ledger Bookkeeping,Professional fees,Professional fees,Check,M. Chen,-775.39
1702,2025-09-10,Catering - Various,Sales revenue - catering,Sales revenue - catering,ACH,,1301.57
1703,2025-09-10,Maplewood Property Mgmt,Rent,Rent,Check,S. Patel,-10542.57
1704,2025-09-11,Cascade Power & Light,Utilities,Utilities,Check,S. Patel,-42.66
1705,2025-09-11,Wholesale - Lindenwood Bistro,Sales revenue - wholesale,Sales revenue - wholesale,ACH,,88.71
1706,2025-09-11,Daily Card Settlement - Square,Sales revenue - retail,Sales revenue - retail,Deposit,,3376.80
1707,2025-09-12,Maplewood Property Mgmt,Rent,Rent,Card,D. Reyes,-13.35
1708,2025-09-12,Daily Cash Deposit,Sales revenue - retail,Sales revenue - retail,Deposit,,4890.32
1709,2025-09-12,Office Depot,Office supplies,Office supplies,Check,D. Reyes,-4575.92
1710,2025-09-13,Northgate Facility Solutions,Repairs & maintenance,Network support services,Check,D. Reyes,-4343.92
1711,2025-09-13,Office Depot,Office supplies,Office supplies,ACH,M. Chen,-891.09
1712,2025-09-14,Northgate Facility Solutions,Repairs & maintenance,Emergency repair call-out,Check,D. Reyes,-4476.35
1713,2025-09-14,Summit Marketing Studio,Marketing,Marketing,ACH,S. Patel,-7.02
1714,2025-09-14,Northgate Facility Solutions,Repairs & maintenance,After-hours facility cleaning,Check,D. Reyes,-4437.59
1715,2025-09-14,Maplewood Property Mgmt,Rent,Rent,ACH,M. Chen,-482.61
1716,2025-09-14,Evergreen Waste Removal,Utilities,Utilities,Check,S. Patel,-11.46
1717,2025-09-15,Cascade Power & Light,Utilities,Utilities,Card,D. Reyes,-5029.69
1718,2025-09-15,Wholesale - Brookside Market,Sales revenue - wholesale,Sales revenue - wholesale,ACH,,162.01
1719,2025-09-15,FreshGrocer Wholesale,Cost of goods - food,Cost of goods - food,ACH,S. Patel,-2324.26
1720,2025-09-15,ServPro Equipment Repair,Repairs & maintenance,Repairs & maintenance,Card,S. Patel,-9.90
1721,2025-09-15,Daily Cash Deposit,Sales revenue - retail,Sales revenue - retail,Deposit,,1224.32
1722,2025-09-16,Riverside Dairy Co-op,Cost of goods - dairy,Cost of goods - dairy,Check,D. Reyes,-32823.58
1723,2025-09-16,Daily Card Settlement - Square,Sales revenue - retail,Sales revenue - retail,Deposit,,330.48
1724,2025-09-17,Catering - Various,Sales revenue - catering,Sales revenue - catering,ACH,,233.19
1725,2025-09-19,Wholesale - The Reading Room Cafe,Sales revenue - wholesale,Sales revenue - wholesale,ACH,,3088.19
1726,2025-09-19,Northgate Facility Solutions,Repairs & maintenance,Software license & support,ACH,D. Reyes,-4806.06
1727,2025-09-19,Catering - Various,Sales revenue - catering,Sales revenue - catering,ACH,,1046.37
1728,2025-09-19,Catering - Various,Sales revenue - catering,Sales revenue - catering,ACH,,4010.22
1729,2025-09-19,Riverside Dairy Co-op,Cost of goods - dairy,Cost of goods - dairy,ACH,S. Patel,-12658.39
1730,2025-09-19,Cardinal Insurance Group,Insurance,Insurance,Check,S. Patel,-1013.25
1731,2025-09-19,Daily Cash Deposit,Sales revenue - retail,Sales revenue - retail,Deposit,,3207.01
1732,2025-09-19,Highland Green Coffee Imports,Cost of goods - coffee,Cost of goods - coffee,Check,D. Reyes,-316.61
1733,2025-09-19,Daily Cash Deposit,Sales revenue - retail,Sales revenue - retail,Deposit,,1574.28
1734,2025-09-20,Office Depot,Office supplies,Office supplies,Check,S. Patel,-85.81
1735,2025-09-21,Bright Ledger Bookkeeping,Professional fees,Professional fees,ACH,D. Reyes,-95.13
1736,2025-09-21,Northwind Payroll Services,Payroll,Payroll,Check,D. Reyes,-338.56
1737,2025-09-21,Northgate Facility Solutions,Repairs & maintenance,Network support services,ACH,D. Reyes,-4817.87
1738,2025-09-21,Northgate Facility Solutions,Repairs & maintenance,Network support services,ACH,D. Reyes,-4862.15
1739,2025-09-21,Wholesale - Brookside Market,Sales revenue - wholesale,Sales revenue - wholesale,ACH,,767.19
1740,2025-09-22,PaperCraft Packaging,Cost of goods - packaging,Cost of goods - packaging,Check,M. Chen,-11.93
1741,2025-09-23,Daily Card Settlement - Square,Sales revenue - retail,Sales revenue - retail,Deposit,,170.17
1742,2025-09-24,Wholesale - Lindenwood Bistro,Sales revenue - wholesale,Sales revenue - wholesale,ACH,,168.22
1743,2025-09-24,Apex IT Consulting LLC,Repairs & maintenance,Software license & support,Check,D. Reyes,-4854.44
1744,2025-09-25,ServPro Equipment Repair,Repairs & maintenance,Repairs & maintenance,ACH,D. Reyes,-3662.58
1745,2025-09-25,City of Lindenwood (Permits),Licenses & permits,Licenses & permits,Card,D. Reyes,-7.17
1746,2025-09-26,Northgate Facility Solutions,Repairs & maintenance,Equipment calibration,ACH,D. Reyes,-4166.66
1747,2025-09-26,Metro Water District,Utilities,Utilities,Check,S. Patel,-30874.12
1748,2025-09-26,Riverside Dairy Co-op,Cost of goods - dairy,Cost of goods - dairy,Check,S. Patel,-8.55
1749,2025-09-26,Northwind Payroll Services,Payroll,Payroll,Card,M. Chen,-824.31
1750,2025-09-27,Cardinal Insurance Group,Insurance,Insurance,Check,M. Chen,-867.00
1751,2025-09-27,Cardinal Insurance Group,Insurance,Insurance,Check,D. Reyes,-7405.48
1752,2025-09-27,Wholesale - Brookside Market,Sales revenue - wholesale,Sales revenue - wholesale,ACH,,279.60
1753,2025-09-27,Wholesale - Lindenwood Bistro,Sales revenue - wholesale,Sales revenue - wholesale,ACH,,2329.61
1754,2025-09-27,Wholesale - Lindenwood Bistro,Sales revenue - wholesale,Sales revenue - wholesale,ACH,,860.13
1755,2025-09-29,Highland Green Coffee Imports,Cost of goods - coffee,Cost of goods - coffee,Check,S. Patel,-1045.44
1756,2025-09-29,Maplewood Property Mgmt,Rent,Rent,ACH,M. Chen,-2169.00
1757,2025-09-29,Wholesale - The Reading Room Cafe,Sales revenue - wholesale,Sales revenue - wholesale,ACH,,121.88
1758,2025-09-29,Daily Cash Deposit,Sales revenue - retail,Sales revenue - retail,Deposit,,948.88
1759,2025-09-30,Bright Ledger Bookkeeping,Professional fees,Professional fees,Card,D. Reyes,-4495.46
1760,2025-09-30,Office Depot,Office supplies,Office supplies,Card,D. Reyes,-5678.95
1761,2025-09-30,Catering - Various,Sales revenue - catering,Sales revenue - catering,ACH,,3213.97
1762,2025-09-30,Wholesale - Brookside Market,Sales revenue - wholesale,Sales revenue - wholesale,ACH,,81.07
1763,2025-10-01,Riverside Dairy Co-op,Cost of goods - dairy,Cost of goods - dairy,Check,M. Chen,-7.97
1764,2025-10-01,Summit Marketing Studio,Marketing,Marketing,ACH,D. Reyes,-39358.54
1765,2025-10-01,Northwind Payroll Services,Payroll,Payroll,Card,S. Patel,-13.52
1766,2025-10-01,Summit Marketing Studio,Marketing,Marketing,Check,M. Chen,-22601.35
1767,2025-10-02,FreshGrocer Wholesale,Cost of goods - food,Cost of goods - food,ACH,M. Chen,-6.85
1768,2025-10-02,Cascade Power & Light,Utilities,Utilities,Check,S. Patel,-234.46
1769,2025-10-03,Northwind Payroll Services,Payroll,Payroll,Check,D. Reyes,-1304.47
1770,2025-10-03,Cardinal Insurance Group,Insurance,Insurance,ACH,M. Chen,-32049.97
1771,2025-10-03,Riverside Dairy Co-op,Cost of goods - dairy,Cost of goods - dairy,ACH,M. Chen,-9.68
1772,2025-10-04,Highland Green Coffee Imports,Cost of goods - coffee,Cost of goods - coffee,ACH,M. Chen,-9.41
1773,2025-10-04,Daily Card Settlement - Square,Sales revenue - retail,Sales revenue - retail,Deposit,,373.15
1774,2025-10-04,Catering - Various,Sales revenue - catering,Sales revenue - catering,ACH,,469.22
1775,2025-10-05,Cardinal Insurance Group,Insurance,Insurance,ACH,D. Reyes,-1275.17
1776,2025-10-05,Cardinal Insurance Group,Insurance,Insurance,Card,M. Chen,-7137.88
1777,2025-10-07,Wholesale - Brookside Market,Sales revenue - wholesale,Sales revenue - wholesale,ACH,,76.96
1778,2025-10-07,Daily Card Settlement - Square,Sales revenue - retail,Sales revenue - retail,Deposit,,1175.44
1779,2025-10-08,Cardinal Insurance Group,Insurance,Insurance,Card,M. Chen,-280.75
1780,2025-10-08,Acme Coffee Equipment,Equipment,Equipment,Card,M. Chen,-150.58
1781,2025-10-08,FreshGrocer Wholesale,Cost of goods - food,Cost of goods - food,Check,D. Reyes,-13.05
1782,2025-10-08,Evergreen Waste Removal,Utilities,Utilities,Check,D. Reyes,-810.16
1783,2025-10-09,Daily Cash Deposit,Sales revenue - retail,Sales revenue - retail,Deposit,,1321.28
1784,2025-10-10,Metro Water District,Utilities,Utilities,Check,M. Chen,-8.52
1785,2025-10-10,Wholesale - Brookside Market,Sales revenue - wholesale,Sales revenue - wholesale,ACH,,5733.61
1786,2025-10-10,Office Depot,Office supplies,Office supplies,Check,M. Chen,-228.89
1787,2025-10-10,Summit Marketing Studio,Marketing,Marketing,Check,S. Patel,-730.97
1788,2025-10-11,Wholesale - Lindenwood Bistro,Sales revenue - wholesale,Sales revenue - wholesale,ACH,,1345.76
1789,2025-10-11,PaperCraft Packaging,Cost of goods - packaging,Cost of goods - packaging,Card,S. Patel,-3602.90
1790,2025-10-11,Highland Green Coffee Imports,Cost of goods - coffee,Cost of goods - coffee,ACH,D. Reyes,-27061.81
1791,2025-10-12,Northgate Facility Solutions,Repairs & maintenance,Software license & support,Check,D. Reyes,-4524.82
1792,2025-10-13,Daily Cash Deposit,Sales revenue - retail,Sales revenue - retail,Deposit,,843.45
1793,2025-10-13,Highland Green Coffee Imports,Cost of goods - coffee,Cost of goods - coffee,ACH,D. Reyes,-33269.47
1794,2025-10-13,Metro Water District,Utilities,Utilities,Card,S. Patel,-15586.52
1795,2025-10-14,City of Lindenwood (Permits),Licenses & permits,Licenses & permits,ACH,D. Reyes,-1734.73
1796,2025-10-14,Metro Water District,Utilities,Utilities,Card,M. Chen,-693.32
1797,2025-10-15,Catering - Various,Sales revenue - catering,Sales revenue - catering,ACH,,101.90
1798,2025-10-15,Summit Marketing Studio,Marketing,Marketing,Card,M. Chen,-586.98
1799,2025-10-15,Wholesale - The Reading Room Cafe,Sales revenue - wholesale,Sales revenue - wholesale,ACH,,1164.33
1800,2025-10-15,Apex IT Consulting LLC,Repairs & maintenance,Software license & support,Check,D. Reyes,-4439.56
1801,2025-10-16,Metro Water District,Utilities,Utilities,ACH,D. Reyes,-35839.31
1802,2025-10-16,Daily Card Settlement - Square,Sales revenue - retail,Sales revenue - retail,Deposit,,4067.14
1803,2025-10-17,FreshGrocer Wholesale,Cost of goods - food,Cost of goods - food,ACH,S. Patel,-470.13
1804,2025-10-17,Northwind Payroll Services,Payroll,Payroll,Card,M. Chen,-226.33
1805,2025-10-17,Wholesale - Lindenwood Bistro,Sales revenue - wholesale,Sales revenue - wholesale,ACH,,325.83
1806,2025-10-17,Metro Water District,Utilities,Utilities,Check,M. Chen,-38.54
1807,2025-10-17,Bright Ledger Bookkeeping,Professional fees,Professional fees,ACH,D. Reyes,-3028.10
1808,2025-10-18,Northgate Facility Solutions,Repairs & maintenance,Software license & support,ACH,D. Reyes,-3958.82
1809,2025-10-19,FreshGrocer Wholesale,Cost of goods - food,Cost of goods - food,ACH,M. Chen,-360.75
1810,2025-10-20,Riverside Dairy Co-op,Cost of goods - dairy,Cost of goods - dairy,ACH,S. Patel,-858.39
1811,2025-10-20,Catering - Various,Sales revenue - catering,Sales revenue - catering,ACH,,173.06
1812,2025-10-21,Metro Water District,Utilities,Utilities,ACH,M. Chen,-6.56
1813,2025-10-21,Office Depot,Office supplies,Office supplies,Check,S. Patel,-7.38
1814,2025-10-22,Wholesale - The Reading Room Cafe,Sales revenue - wholesale,Sales revenue - wholesale,ACH,,164.48
1815,2025-10-22,Cascade Power & Light,Utilities,Utilities,ACH,S. Patel,-17992.68
1816,2025-10-24,Cascade Power & Light,Utilities,Utilities,Card,D. Reyes,-647.88
1817,2025-10-24,FreshGrocer Wholesale,Cost of goods - food,Cost of goods - food,Card,M. Chen,-286.71
1818,2025-10-24,Metro Water District,Utilities,Utilities,Card,S. Patel,-1241.40
1819,2025-10-25,Metro Water District,Utilities,Utilities,Card,M. Chen,-23.17
1820,2025-10-25,Acme Coffee Equipment,Equipment,Equipment,Card,S. Patel,-1288.36
1821,2025-10-26,Catering - Various,Sales revenue - catering,Sales revenue - catering,ACH,,661.41
1822,2025-10-26,Catering - Various,Sales revenue - catering,Sales revenue - catering,ACH,,1192.53
1823,2025-10-26,Northwind Payroll Services,Payroll,Payroll,Card,M. Chen,-1506.27
1824,2025-10-28,PaperCraft Packaging,Cost of goods - packaging,Cost of goods - packaging,ACH,D. Reyes,-35.98
1825,2025-10-29,Catering - Various,Sales revenue - catering,Sales revenue - catering,ACH,,4560.52
1826,2025-10-30,Wholesale - The Reading Room Cafe,Sales revenue - wholesale,Sales revenue - wholesale,ACH,,1830.99
1827,2025-10-30,Catering - Various,Sales revenue - catering,Sales revenue - catering,ACH,,4343.11
1828,2025-10-30,Wholesale - Lindenwood Bistro,Sales revenue - wholesale,Sales revenue - wholesale,ACH,,4468.79
1829,2025-10-30,Cardinal Insurance Group,Insurance,Insurance,Check,S. Patel,-4935.04
1830,2025-10-30,Wholesale - Lindenwood Bistro,Sales revenue - wholesale,Sales revenue - wholesale,ACH,,569.90
1831,2025-10-31,Wholesale - Brookside Market,Sales revenue - wholesale,Sales revenue - wholesale,ACH,,83.72
1832,2025-10-31,Wholesale - Lindenwood Bistro,Sales revenue - wholesale,Sales revenue - wholesale,ACH,,185.05
1833,2025-10-31,Metro Water District,Utilities,Utilities,Check,M. Chen,-3443.38
1834,2025-10-31,PaperCraft Packaging,Cost of goods - packaging,Cost of goods - packaging,Card,D. Reyes,-21.74
1835,2025-10-31,Metro Water District,Utilities,Utilities,Check,M. Chen,-86.66
1836,2025-11-01,Catering - Various,Sales revenue - catering,Sales revenue - catering,ACH,,2389.44
1837,2025-11-02,ServPro Equipment Repair,Repairs & maintenance,Repairs & maintenance,Check,S. Patel,-11975.92
1838,2025-11-02,Daily Card Settlement - Square,Sales revenue - retail,Sales revenue - retail,Deposit,,675.87
1839,2025-11-02,Summit Marketing Studio,Marketing,Marketing,Card,D. Reyes,-19573.74
1840,2025-11-02,Wholesale - The Reading Room Cafe,Sales revenue - wholesale,Sales revenue - wholesale,ACH,,91.36
1841,2025-11-02,Wholesale - The Reading Room Cafe,Sales revenue - wholesale,Sales revenue - wholesale,ACH,,1835.64
1842,2025-11-02,Wholesale - Brookside Market,Sales revenue - wholesale,Sales revenue - wholesale,ACH,,1650.71
1843,2025-11-02,Daily Cash Deposit,Sales revenue - retail,Sales revenue - retail,Deposit,,1350.04
1844,2025-11-02,Daily Cash Deposit,Sales revenue - retail,Sales revenue - retail,Deposit,,416.29
1845,2025-11-03,Cascade Power & Light,Utilities,Utilities,Card,M. Chen,-279.18
1846,2025-11-04,Acme Coffee Equipment,Equipment,Equipment,ACH,M. Chen,-1630.01
1847,2025-11-05,Northwind Payroll Services,Payroll,Payroll,ACH,M. Chen,-15.47
1848,2025-11-06,Daily Cash Deposit,Sales revenue - retail,Sales revenue - retail,Deposit,,222.90
1849,2025-11-06,Maplewood Property Mgmt,Rent,Rent,Card,M. Chen,-7566.05
1850,2025-11-06,Daily Card Settlement - Square,Sales revenue - retail,Sales revenue - retail,Deposit,,4172.58
1851,2025-11-06,Daily Card Settlement - Square,Sales revenue - retail,Sales revenue - retail,Deposit,,100.61
1852,2025-11-06,Wholesale - Lindenwood Bistro,Sales revenue - wholesale,Sales revenue - wholesale,ACH,,1566.37
1853,2025-11-07,Bright Ledger Bookkeeping,Professional fees,Professional fees,Check,M. Chen,-18091.56
1854,2025-11-07,Evergreen Waste Removal,Utilities,Utilities,Card,M. Chen,-4408.12
1855,2025-11-07,Evergreen Waste Removal,Utilities,Utilities,ACH,M. Chen,-4796.93
1856,2025-11-07,PaperCraft Packaging,Cost of goods - packaging,Cost of goods - packaging,ACH,D. Reyes,-4000.44
1857,2025-11-07,City of Lindenwood (Permits),Licenses & permits,Licenses & permits,ACH,M. Chen,-23.18
1858,2025-11-08,Evergreen Waste Removal,Utilities,Utilities,Card,M. Chen,-11.39
1859,2025-11-08,Highland Green Coffee Imports,Cost of goods - coffee,Cost of goods - coffee,ACH,S. Patel,-148.13
1860,2025-11-08,Cardinal Insurance Group,Insurance,Insurance,ACH,M. Chen,-681.84
1861,2025-11-09,Highland Green Coffee Imports,Cost of goods - coffee,Cost of goods - coffee,ACH,S. Patel,-88.69
1862,2025-11-09,Northgate Facility Solutions,Repairs & maintenance,Equipment calibration,ACH,D. Reyes,-4925.39
1863,2025-11-09,PaperCraft Packaging,Cost of goods - packaging,Cost of goods - packaging,ACH,D. Reyes,-494.54
1864,2025-11-09,Evergreen Waste Removal,Utilities,Utilities,Check,M. Chen,-47.31
1865,2025-11-10,Cardinal Insurance Group,Insurance,Insurance,Check,S. Patel,-3052.94
1866,2025-11-11,Cascade Power & Light,Utilities,Utilities,ACH,D. Reyes,-11.93
1867,2025-11-12,Highland Green Coffee Imports,Cost of goods - coffee,Cost of goods - coffee,Check,S. Patel,-3335.59
1868,2025-11-12,Office Depot,Office supplies,Office supplies,ACH,S. Patel,-36771.01
1869,2025-11-13,Wholesale - The Reading Room Cafe,Sales revenue - wholesale,Sales revenue - wholesale,ACH,,203.20
1870,2025-11-13,Daily Card Settlement - Square,Sales revenue - retail,Sales revenue - retail,Deposit,,116.80
1871,2025-11-13,Daily Card Settlement - Square,Sales revenue - retail,Sales revenue - retail,Deposit,,739.01
1872,2025-11-14,Northgate Facility Solutions,Repairs & maintenance,HVAC servicing,Check,D. Reyes,-4509.24
1873,2025-11-14,Riverside Dairy Co-op,Cost of goods - dairy,Cost of goods - dairy,ACH,M. Chen,-108.27
1874,2025-11-14,Catering - Various,Sales revenue - catering,Sales revenue - catering,ACH,,638.60
1875,2025-11-14,Wholesale - Brookside Market,Sales revenue - wholesale,Sales revenue - wholesale,ACH,,1670.90
1876,2025-11-15,ServPro Equipment Repair,Repairs & maintenance,Repairs & maintenance,Card,M. Chen,-22.19
1877,2025-11-15,Bright Ledger Bookkeeping,Professional fees,Professional fees,ACH,M. Chen,-37111.64
1878,2025-11-15,Wholesale - The Reading Room Cafe,Sales revenue - wholesale,Sales revenue - wholesale,ACH,,204.82
1879,2025-11-15,Metro Water District,Utilities,Utilities,Check,S. Patel,-1853.93
1880,2025-11-15,Daily Card Settlement - Square,Sales revenue - retail,Sales revenue - retail,Deposit,,149.44
1881,2025-11-16,Metro Water District,Utilities,Utilities,ACH,S. Patel,-147.90
1882,2025-11-16,Wholesale - Brookside Market,Sales revenue - wholesale,Sales revenue - wholesale,ACH,,760.64
1883,2025-11-16,City of Lindenwood (Permits),Licenses & permits,Licenses & permits,ACH,D. Reyes,-6364.90
1884,2025-11-16,PaperCraft Packaging,Cost of goods - packaging,Cost of goods - packaging,Check,D. Reyes,-122.92
1885,2025-11-16,Wholesale - The Reading Room Cafe,Sales revenue - wholesale,Sales revenue - wholesale,ACH,,384.95
1886,2025-11-16,Catering - Various,Sales revenue - catering,Sales revenue - catering,ACH,,5193.53
1887,2025-11-17,Northgate Facility Solutions,Repairs & maintenance,Quarterly maintenance retainer,ACH,D. Reyes,-4129.90
1888,2025-11-17,Bright Ledger Bookkeeping,Professional fees,Professional fees,ACH,D. Reyes,-36316.38
1889,2025-11-17,Wholesale - Brookside Market,Sales revenue - wholesale,Sales revenue - wholesale,ACH,,394.63
1890,2025-11-17,City of Lindenwood (Permits),Licenses & permits,Licenses & permits,Check,M. Chen,-31.45
1891,2025-11-18,Wholesale - The Reading Room Cafe,Sales revenue - wholesale,Sales revenue - wholesale,ACH,,890.45
1892,2025-11-18,City of Lindenwood (Permits),Licenses & permits,Licenses & permits,Check,M. Chen,-33623.32
1893,2025-11-18,PaperCraft Packaging,Cost of goods - packaging,Cost of goods - packaging,Check,M. Chen,-32033.78
1894,2025-11-18,Wholesale - Lindenwood Bistro,Sales revenue - wholesale,Sales revenue - wholesale,ACH,,1024.76
1895,2025-11-18,Maplewood Property Mgmt,Rent,Rent,Check,M. Chen,-1435.72
1896,2025-11-19,Cardinal Insurance Group,Insurance,Insurance,Check,S. Patel,-9.22
1897,2025-11-19,Daily Cash Deposit,Sales revenue - retail,Sales revenue - retail,Deposit,,1934.82
1898,2025-11-19,Daily Card Settlement - Square,Sales revenue - retail,Sales revenue - retail,Deposit,,284.95
1899,2025-11-19,Daily Cash Deposit,Sales revenue - retail,Sales revenue - retail,Deposit,,4846.88
1900,2025-11-20,ServPro Equipment Repair,Repairs & maintenance,Repairs & maintenance,Check,D. Reyes,-66.33
1901,2025-11-20,Bright Ledger Bookkeeping,Professional fees,Professional fees,Card,D. Reyes,-14415.73
1902,2025-11-21,Bright Ledger Bookkeeping,Professional fees,Professional fees,ACH,D. Reyes,-55.36
1903,2025-11-21,Summit Marketing Studio,Marketing,Marketing,Check,M. Chen,-107.54
1904,2025-11-22,Bright Ledger Bookkeeping,Professional fees,Professional fees,ACH,M. Chen,-3595.16
1905,2025-11-22,Maplewood Property Mgmt,Rent,Rent,ACH,D. Reyes,-1172.80
1906,2025-11-22,Wholesale - Lindenwood Bistro,Sales revenue - wholesale,Sales revenue - wholesale,ACH,,1895.10
1907,2025-11-22,ServPro Equipment Repair,Repairs & maintenance,Repairs & maintenance,Card,M. Chen,-14174.66
1908,2025-11-22,Northgate Facility Solutions,Repairs & maintenance,Network support services,ACH,D. Reyes,-2950.04
1909,2025-11-22,Catering - Various,Sales revenue - catering,Sales revenue - catering,ACH,,2819.01
1910,2025-11-23,Wholesale - The Reading Room Cafe,Sales revenue - wholesale,Sales revenue - wholesale,ACH,,932.50
1911,2025-11-23,Acme Coffee Equipment,Equipment,Equipment,ACH,D. Reyes,-5562.50
1912,2025-11-23,Daily Card Settlement - Square,Sales revenue - retail,Sales revenue - retail,Deposit,,422.86
1913,2025-11-23,Daily Card Settlement - Square,Sales revenue - retail,Sales revenue - retail,Deposit,,3338.53
1914,2025-11-25,Wholesale - The Reading Room Cafe,Sales revenue - wholesale,Sales revenue - wholesale,ACH,,903.67
1915,2025-11-25,Cardinal Insurance Group,Insurance,Insurance,Check,S. Patel,-42.43
1916,2025-11-26,City of Lindenwood (Permits),Licenses & permits,Licenses & permits,Check,M. Chen,-31619.15
1917,2025-11-26,Catering - Various,Sales revenue - catering,Sales revenue - catering,ACH,,1052.23
1918,2025-11-27,Wholesale - Brookside Market,Sales revenue - wholesale,Sales revenue - wholesale,ACH,,997.54
1919,2025-11-27,Daily Card Settlement - Square,Sales revenue - retail,Sales revenue - retail,Deposit,,163.64
1920,2025-11-27,Wholesale - Brookside Market,Sales revenue - wholesale,Sales revenue - wholesale,ACH,,3408.47
1921,2025-11-28,Cascade Power & Light,Utilities,Utilities,Card,D. Reyes,-369.93
1922,2025-11-28,Riverside Dairy Co-op,Cost of goods - dairy,Cost of goods - dairy,Card,D. Reyes,-336.28
1923,2025-11-29,Apex IT Consulting LLC,Repairs & maintenance,HVAC servicing,Check,D. Reyes,-4316.28
1924,2025-11-29,Cascade Power & Light,Utilities,Utilities,Check,M. Chen,-242.48
1925,2025-11-29,Wholesale - Brookside Market,Sales revenue - wholesale,Sales revenue - wholesale,ACH,,1119.75
1926,2025-11-30,Metro Water District,Utilities,Utilities,ACH,M. Chen,-10255.43
1927,2025-12-01,Catering - Various,Sales revenue - catering,Sales revenue - catering,ACH,,404.30
1928,2025-12-01,Wholesale - Brookside Market,Sales revenue - wholesale,Sales revenue - wholesale,ACH,,1359.68
1929,2025-12-01,Northwind Payroll Services,Payroll,Payroll,ACH,M. Chen,-320.65
1930,2025-12-02,Riverside Dairy Co-op,Cost of goods - dairy,Cost of goods - dairy,ACH,D. Reyes,-15.98
1931,2025-12-02,Highland Green Coffee Imports,Cost of goods - coffee,Cost of goods - coffee,Card,S. Patel,-45.38
1932,2025-12-02,Daily Cash Deposit,Sales revenue - retail,Sales revenue - retail,Deposit,,487.07
1933,2025-12-02,Wholesale - The Reading Room Cafe,Sales revenue - wholesale,Sales revenue - wholesale,ACH,,111.48
1934,2025-12-03,Bright Ledger Bookkeeping,Professional fees,Professional fees,Check,S. Patel,-406.84
1935,2025-12-03,Bright Ledger Bookkeeping,Professional fees,Professional fees,Card,S. Patel,-4654.98
1936,2025-12-04,Daily Cash Deposit,Sales revenue - retail,Sales revenue - retail,Deposit,,265.19
1937,2025-12-04,Catering - Various,Sales revenue - catering,Sales revenue - catering,ACH,,96.34
1938,2025-12-04,Daily Cash Deposit,Sales revenue - retail,Sales revenue - retail,Deposit,,609.12
1939,2025-12-04,Northwind Payroll Services,Payroll,Payroll,Check,D. Reyes,-24903.86
1940,2025-12-05,Acme Coffee Equipment,Equipment,Equipment,ACH,S. Patel,-3403.30
1941,2025-12-05,Office Depot,Office supplies,Office supplies,Card,S. Patel,-106.18
1942,2025-12-05,Wholesale - The Reading Room Cafe,Sales revenue - wholesale,Sales revenue - wholesale,ACH,,6551.10
1943,2025-12-06,Acme Coffee Equipment,Equipment,Equipment,Card,S. Patel,-471.26
1944,2025-12-07,Cardinal Insurance Group,Insurance,Insurance,ACH,S. Patel,-218.42
1945,2025-12-07,Riverside Dairy Co-op,Cost of goods - dairy,Cost of goods - dairy,Check,M. Chen,-887.48
1946,2025-12-07,Metro Water District,Utilities,Utilities,Check,D. Reyes,-29.93
1947,2025-12-08,Riverside Dairy Co-op,Cost of goods - dairy,Cost of goods - dairy,Check,M. Chen,-138.95
1948,2025-12-08,Riverside Dairy Co-op,Cost of goods - dairy,Cost of goods - dairy,Card,S. Patel,-12407.57
1949,2025-12-09,Maplewood Property Mgmt,Rent,Rent,Card,M. Chen,-8732.07
1950,2025-12-09,Catering - Various,Sales revenue - catering,Sales revenue - catering,ACH,,128.47
1951,2025-12-09,Wholesale - The Reading Room Cafe,Sales revenue - wholesale,Sales revenue - wholesale,ACH,,3538.52
1952,2025-12-09,FreshGrocer Wholesale,Cost of goods - food,Cost of goods - food,Check,D. Reyes,-39.03
1953,2025-12-10,Evergreen Waste Removal,Utilities,Utilities,Check,D. Reyes,-8.74
1954,2025-12-10,Wholesale - The Reading Room Cafe,Sales revenue - wholesale,Sales revenue - wholesale,ACH,,6559.99
1955,2025-12-11,Cardinal Insurance Group,Insurance,Insurance,Card,M. Chen,-187.41
1956,2025-12-11,Bright Ledger Bookkeeping,Professional fees,Professional fees,Check,M. Chen,-103.98
1957,2025-12-11,Summit Marketing Studio,Marketing,Marketing,Card,M. Chen,-38.51
1958,2025-12-11,Wholesale - Brookside Market,Sales revenue - wholesale,Sales revenue - wholesale,ACH,,421.12
1959,2025-12-11,Wholesale - Lindenwood Bistro,Sales revenue - wholesale,Sales revenue - wholesale,ACH,,2631.49
1960,2025-12-12,Daily Cash Deposit,Sales revenue - retail,Sales revenue - retail,Deposit,,135.58
1961,2025-12-12,Wholesale - Brookside Market,Sales revenue - wholesale,Sales revenue - wholesale,ACH,,883.70
1962,2025-12-12,Metro Water District,Utilities,Utilities,Card,D. Reyes,-13064.68
1963,2025-12-12,Cascade Power & Light,Utilities,Utilities,ACH,D. Reyes,-495.00
1964,2025-12-12,Northgate Facility Solutions,Repairs & maintenance,HVAC servicing,ACH,D. Reyes,-4201.62
1965,2025-12-13,Highland Green Coffee Imports,Cost of goods - coffee,Cost of goods - coffee,ACH,M. Chen,-3763.88
1966,2025-12-14,Daily Cash Deposit,Sales revenue - retail,Sales revenue - retail,Deposit,,866.10
1967,2025-12-14,City of Lindenwood (Permits),Licenses & permits,Licenses & permits,ACH,S. Patel,-290.04
1968,2025-12-14,Riverside Dairy Co-op,Cost of goods - dairy,Cost of goods - dairy,ACH,D. Reyes,-11.52
1969,2025-12-14,ServPro Equipment Repair,Repairs & maintenance,Repairs & maintenance,Check,S. Patel,-11177.22
1970,2025-12-15,Daily Cash Deposit,Sales revenue - retail,Sales revenue - retail,Deposit,,2731.77
1971,2025-12-15,Catering - Various,Sales revenue - catering,Sales revenue - catering,ACH,,360.60
1972,2025-12-15,PaperCraft Packaging,Cost of goods - packaging,Cost of goods - packaging,Check,M. Chen,-469.19
1973,2025-12-16,Wholesale - Lindenwood Bistro,Sales revenue - wholesale,Sales revenue - wholesale,ACH,,64.09
1974,2025-12-18,ServPro Equipment Repair,Repairs & maintenance,Repairs & maintenance,Card,M. Chen,-85.90
1975,2025-12-18,Wholesale - Brookside Market,Sales revenue - wholesale,Sales revenue - wholesale,ACH,,2043.96
1976,2025-12-18,Wholesale - The Reading Room Cafe,Sales revenue - wholesale,Sales revenue - wholesale,ACH,,1890.37
1977,2025-12-18,Summit Marketing Studio,Marketing,Marketing,ACH,M. Chen,-12252.97
1978,2025-12-19,Catering - Various,Sales revenue - catering,Sales revenue - catering,ACH,,6400.53
1979,2025-12-21,Northwind Payroll Services,Payroll,Payroll,Check,S. Patel,-44.39
1980,2025-12-21,Apex IT Consulting LLC,Repairs & maintenance,After-hours facility cleaning,ACH,D. Reyes,-4145.52
1981,2025-12-21,City of Lindenwood (Permits),Licenses & permits,Licenses & permits,Check,S. Patel,-8854.79
1982,2025-12-21,Wholesale - Lindenwood Bistro,Sales revenue - wholesale,Sales revenue - wholesale,ACH,,4552.50
1983,2025-12-22,City of Lindenwood (Permits),Licenses & permits,Licenses & permits,Check,D. Reyes,-1952.09
1984,2025-12-23,Cascade Power & Light,Utilities,Utilities,Check,M. Chen,-601.08
1985,2025-12-23,Daily Card Settlement - Square,Sales revenue - retail,Sales revenue - retail,Deposit,,2322.53
1986,2025-12-23,Cardinal Insurance Group,Insurance,Insurance,Card,S. Patel,-202.64
1987,2025-12-24,Northwind Payroll Services,Payroll,Payroll,Card,M. Chen,-36.07
1988,2025-12-26,Metro Water District,Utilities,Utilities,Card,S. Patel,-413.89
1989,2025-12-26,ServPro Equipment Repair,Repairs & maintenance,Repairs & maintenance,ACH,S. Patel,-69.33
1990,2025-12-26,Metro Water District,Utilities,Utilities,Card,M. Chen,-8804.00
1991,2025-12-26,Wholesale - Brookside Market,Sales revenue - wholesale,Sales revenue - wholesale,ACH,,332.68
1992,2025-12-27,Maplewood Property Mgmt,Rent,Rent,ACH,M. Chen,-8044.39
1993,2025-12-28,Cascade Power & Light,Utilities,Utilities,ACH,M. Chen,-1902.25
1994,2025-12-28,Wholesale - Brookside Market,Sales revenue - wholesale,Sales revenue - wholesale,ACH,,2151.84
1995,2025-12-28,Acme Coffee Equipment,Equipment,Equipment,Check,M. Chen,-41.30
1996,2025-12-28,Northgate Facility Solutions,Repairs & maintenance,Emergency repair call-out,ACH,D. Reyes,-4506.42
1997,2025-12-28,Apex IT Consulting LLC,Repairs & maintenance,Emergency repair call-out,Check,D. Reyes,-4621.46
1998,2025-12-29,FreshGrocer Wholesale,Cost of goods - food,Cost of goods - food,Card,S. Patel,-39.34
1999,2025-12-29,Daily Card Settlement - Square,Sales revenue - retail,Sales revenue - retail,Deposit,,1469.98
2000,2025-12-29,Office Depot,Office supplies,Office supplies,Card,D. Reyes,-242.70
2001,2025-12-29,Daily Card Settlement - Square,Sales revenue - retail,Sales revenue - retail,Deposit,,2319.75
2002,2025-12-29,ServPro Equipment Repair,Repairs & maintenance,Repairs & maintenance,Check,M. Chen,-28.42
2003,2025-12-31,Daily Cash Deposit,Sales revenue - retail,Sales revenue - retail,Deposit,,2053.63
2004,2025-12-31,Wholesale - The Reading Room Cafe,Sales revenue - wholesale,Sales revenue - wholesale,ACH,,78.28
2005,2025-12-31,Catering - Various,Sales revenue - catering,Sales revenue - catering,ACH,,641.91
2006,2025-12-31,Daily Cash Deposit,Sales revenue - retail,Sales revenue - retail,Deposit,,359.58
